b25_capture_workflow_screenshots
workingDirectory=/mnt/c/Users/fahd_/OneDrive/Documents/Loom/app/apps/loom_communities_demo
WORKFLOW_EVIDENCE_ROOT=/mnt/c/Users/fahd_/OneDrive/Documents/Loom/app/../docs/Build
mode=full-b25
phases=B12,B13,B14,B15,B16,B17,B18,B19,B20
device=emulator-5554
progressReport=/mnt/c/Users/fahd_/OneDrive/Documents/Loom/app/../docs/Build/B25/b25-capture-progress.json

--- B12 shard 1/1 ---
$ flutter drive --driver=test_driver/workflow_ui_evidence_test.dart --target=integration_test/workflow_ui_evidence_test.dart -d emulator-5554 --dart-define=LOOM_PRELOAD_EXAMPLE_COMMUNITIES=true --dart-define=LOOM_EVIDENCE_PHASE_FILTER=B12
exitCode=0

--- stdout ---
Resolving dependencies in `/mnt/c/Users/fahd_/OneDrive/Documents/Loom/app`...
Downloading packages...
  _fe_analyzer_shared 93.0.0 (104.0.0 available)
  analyzer 10.0.1 (14.0.0 available)
  cli_util 0.4.2 (0.5.1 available)
  code_assets 1.2.0 (1.2.1 available)
  dart_style 3.1.7 (3.1.9 available)
  drift 2.33.0 (2.34.0 available)
  drift_dev 2.33.0 (2.34.1+1 available)
  hooks 2.0.0 (2.0.2 available)
  image 4.8.0 (4.9.1 available)
  matcher 0.12.19 (0.12.20 available)
  melos 7.8.0 (8.0.0 available)
  meta 1.17.0 (1.18.3 available)
  mustache_template 2.0.4 (2.0.5 available)
  native_toolchain_c 0.19.1 (0.19.2 available)
  package_config 2.2.0 (3.0.0 available)
  path_provider 2.1.5 (2.1.6 available)
  path_provider_linux 2.2.1 (2.2.2 available)
  path_provider_platform_interface 2.1.2 (2.1.3 available)
  sqlite3 3.3.2 (3.3.3 available)
  sqlite3_flutter_libs 0.5.42 (0.6.0+eol available)
  sqlparser 0.44.4 (0.44.5 available)
  test 1.30.0 (1.31.2 available)
  test_api 0.7.10 (0.7.13 available)
  test_core 0.6.16 (0.6.19 available)
  url_launcher_android 6.3.30 (6.3.32 available)
  vector_math 2.2.0 (2.4.0 available)
  webview_flutter 4.13.1 (4.14.0 available)
  webview_flutter_android 4.12.0 (4.13.0 available)
  webview_flutter_wkwebview 3.25.1 (3.26.0 available)
  xml 6.6.1 (7.0.1 available)
Got dependencies in `/mnt/c/Users/fahd_/OneDrive/Documents/Loom/app`!
30 packages have newer versions incompatible with dependency constraints.
Try `flutter pub outdated` for more information.
Running Gradle task 'assembleDebug'...                             26.5s
✓ Built build/app/outputs/flutter-apk/app-debug.apk
Installing build/app/outputs/flutter-apk/app-debug.apk...          922ms
D/WindowLayoutComponentImpl(21964): Register WindowLayoutInfoListener on Context=com.example.loom_communities_demo.MainActivity@c19b2fe, of which baseContext=android.app.ContextImpl@f3a8798
D/FlutterJNI(21964): Sending viewport metrics to the engine.
I/flutter (21964): 00:00 +0: wf_full-ui-screenshot-evidence-b12-b20
D/FlutterJNI(21964): Sending viewport metrics to the engine.
D/InsetsController(21964): hide(ime(), fromIme=false)
I/ImeTracker(21964): com.example.loom_communities_demo:44d42e3e: onCancelled at PHASE_CLIENT_ALREADY_HIDDEN
I/flutter (21964): B25_CAPTURE_PROGRESS {"emittedAt":"2026-07-03T01:24:56.814311Z","status":"workflow-start","phase":"B12","workflowId":"workflow-ui-evidence-harness","completedWorkflows":0,"totalWorkflows":1}
I/flutter (21964): B25_CAPTURE_PROGRESS {"emittedAt":"2026-07-03T01:24:56.816855Z","status":"screenshot-start","phase":"B12","screenshotName":"B12_harness_start","completedWorkflows":0,"totalWorkflows":1}
I/ommunities_demo(21964): AssetManager2(0x7e1c6fa5a098) locale list changing from [] to [en-US]
I/flutter (21964): B25_CAPTURE_PROGRESS {"emittedAt":"2026-07-03T01:24:58.020073Z","status":"screenshot-start","phase":"B12","screenshotName":"B12_harness_action","completedWorkflows":0,"totalWorkflows":1}
W/WindowOnBackDispatcher(21964): sendCancelIfRunning: isInProgress=false callback=io.flutter.embedding.android.FlutterActivity$1@c17fc79
D/ProfileInstaller(21964): Installing profile for com.example.loom_communities_demo
I/flutter (21964): B25_CAPTURE_PROGRESS {"emittedAt":"2026-07-03T01:24:58.885053Z","status":"screenshot-start","phase":"B12","screenshotName":"B12_harness_complete","completedWorkflows":0,"totalWorkflows":1}
I/flutter (21964): B25_CAPTURE_PROGRESS {"emittedAt":"2026-07-03T01:24:59.028506Z","status":"workflow-complete","phase":"B12","workflowId":"workflow-ui-evidence-harness","completedWorkflows":1,"totalWorkflows":1}
I/flutter (21964): B25_CAPTURE_PROGRESS {"emittedAt":"2026-07-03T01:24:59.031230Z","status":"run-complete","completedWorkflows":1,"totalWorkflows":1}
I/flutter (21964): 00:03 +1: (tearDownAll)
I/flutter (21964): 00:03 +2: All tests passed!
All tests passed.

--- stderr ---
VMServiceFlutterDriver: Connecting to Flutter application at http://127.0.0.1:39029/JRsCZqupiC0=/
VMServiceFlutterDriver: Isolate found with number: 2432848067519307
VMServiceFlutterDriver: Isolate 2432848067519307 is runnable.
VMServiceFlutterDriver: Isolate is paused at start.
VMServiceFlutterDriver: Attempting to resume isolate
VMServiceFlutterDriver: Connected to Flutter application.

--- B13 shard 1/1 ---
$ flutter drive --driver=test_driver/workflow_ui_evidence_test.dart --target=integration_test/workflow_ui_evidence_test.dart -d emulator-5554 --dart-define=LOOM_PRELOAD_EXAMPLE_COMMUNITIES=true --dart-define=LOOM_EVIDENCE_PHASE_FILTER=B13
exitCode=0

--- stdout ---
Resolving dependencies in `/mnt/c/Users/fahd_/OneDrive/Documents/Loom/app`...
Downloading packages...
  _fe_analyzer_shared 93.0.0 (104.0.0 available)
  analyzer 10.0.1 (14.0.0 available)
  cli_util 0.4.2 (0.5.1 available)
  code_assets 1.2.0 (1.2.1 available)
  dart_style 3.1.7 (3.1.9 available)
  drift 2.33.0 (2.34.0 available)
  drift_dev 2.33.0 (2.34.1+1 available)
  hooks 2.0.0 (2.0.2 available)
  image 4.8.0 (4.9.1 available)
  matcher 0.12.19 (0.12.20 available)
  melos 7.8.0 (8.0.0 available)
  meta 1.17.0 (1.18.3 available)
  mustache_template 2.0.4 (2.0.5 available)
  native_toolchain_c 0.19.1 (0.19.2 available)
  package_config 2.2.0 (3.0.0 available)
  path_provider 2.1.5 (2.1.6 available)
  path_provider_linux 2.2.1 (2.2.2 available)
  path_provider_platform_interface 2.1.2 (2.1.3 available)
  sqlite3 3.3.2 (3.3.3 available)
  sqlite3_flutter_libs 0.5.42 (0.6.0+eol available)
  sqlparser 0.44.4 (0.44.5 available)
  test 1.30.0 (1.31.2 available)
  test_api 0.7.10 (0.7.13 available)
  test_core 0.6.16 (0.6.19 available)
  url_launcher_android 6.3.30 (6.3.32 available)
  vector_math 2.2.0 (2.4.0 available)
  webview_flutter 4.13.1 (4.14.0 available)
  webview_flutter_android 4.12.0 (4.13.0 available)
  webview_flutter_wkwebview 3.25.1 (3.26.0 available)
  xml 6.6.1 (7.0.1 available)
Got dependencies in `/mnt/c/Users/fahd_/OneDrive/Documents/Loom/app`!
30 packages have newer versions incompatible with dependency constraints.
Try `flutter pub outdated` for more information.
Running Gradle task 'assembleDebug'...                             26.7s
✓ Built build/app/outputs/flutter-apk/app-debug.apk
Installing build/app/outputs/flutter-apk/app-debug.apk...          945ms
D/FlutterJNI(22133): Sending viewport metrics to the engine.
D/WindowLayoutComponentImpl(22133): Register WindowLayoutInfoListener on Context=com.example.loom_communities_demo.MainActivity@cf4cac, of which baseContext=android.app.ContextImpl@69f23d6
D/FlutterJNI(22133): Sending viewport metrics to the engine.
I/flutter (22133): 00:00 +0: wf_full-ui-screenshot-evidence-b12-b20
D/FlutterJNI(22133): Sending viewport metrics to the engine.
D/InsetsController(22133): hide(ime(), fromIme=false)
I/ImeTracker(22133): com.example.loom_communities_demo:4c76c286: onCancelled at PHASE_CLIENT_ALREADY_HIDDEN
D/FlutterJNI(22133): Sending viewport metrics to the engine.
I/flutter (22133): B25_CAPTURE_PROGRESS {"emittedAt":"2026-07-03T01:25:39.206117Z","status":"workflow-start","phase":"B13","workflowId":"garden-event-rsvp","communityName":"Garden Club","completedWorkflows":0,"totalWorkflows":3}
D/ProfileInstaller(22133): Installing profile for com.example.loom_communities_demo
I/flutter (22133): B25_CAPTURE_PROGRESS {"emittedAt":"2026-07-03T01:25:40.772412Z","status":"screenshot-start","phase":"B13","screenshotName":"B13_ext_garden_club_garden-event-rsvp_start","completedWorkflows":0,"totalWorkflows":3}
I/flutter (22133): B25_CAPTURE_PROGRESS {"emittedAt":"2026-07-03T01:25:41.969081Z","status":"screenshot-start","phase":"B13","screenshotName":"B13_ext_garden_club_garden-event-rsvp_action","completedWorkflows":0,"totalWorkflows":3}
I/flutter (22133): B25_CAPTURE_PROGRESS {"emittedAt":"2026-07-03T01:25:43.643126Z","status":"screenshot-start","phase":"B13","screenshotName":"B13_ext_garden_club_garden-event-rsvp_complete","completedWorkflows":0,"totalWorkflows":3}
I/flutter (22133): B25_CAPTURE_PROGRESS {"emittedAt":"2026-07-03T01:25:43.768301Z","status":"workflow-complete","phase":"B13","workflowId":"garden-event-rsvp","communityName":"Garden Club","completedWorkflows":1,"totalWorkflows":3}
I/flutter (22133): B25_CAPTURE_PROGRESS {"emittedAt":"2026-07-03T01:25:43.768924Z","status":"workflow-start","phase":"B13","workflowId":"plant-exchange-submission","communityName":"Garden Club","completedWorkflows":1,"totalWorkflows":3}
I/flutter (22133): B25_CAPTURE_PROGRESS {"emittedAt":"2026-07-03T01:25:45.112485Z","status":"screenshot-start","phase":"B13","screenshotName":"B13_ext_garden_club_plant-exchange-submission_start","completedWorkflows":1,"totalWorkflows":3}
I/flutter (22133): B25_CAPTURE_PROGRESS {"emittedAt":"2026-07-03T01:25:46.219358Z","status":"screenshot-start","phase":"B13","screenshotName":"B13_ext_garden_club_plant-exchange-submission_action","completedWorkflows":1,"totalWorkflows":3}
I/flutter (22133): B25_CAPTURE_PROGRESS {"emittedAt":"2026-07-03T01:25:47.777509Z","status":"screenshot-start","phase":"B13","screenshotName":"B13_ext_garden_club_plant-exchange-submission_complete","completedWorkflows":1,"totalWorkflows":3}
I/flutter (22133): B25_CAPTURE_PROGRESS {"emittedAt":"2026-07-03T01:25:47.910698Z","status":"workflow-complete","phase":"B13","workflowId":"plant-exchange-submission","communityName":"Garden Club","completedWorkflows":2,"totalWorkflows":3}
I/flutter (22133): B25_CAPTURE_PROGRESS {"emittedAt":"2026-07-03T01:25:47.911041Z","status":"workflow-start","phase":"B13","workflowId":"garden-export-custom-schemas","communityName":"Garden Club","completedWorkflows":2,"totalWorkflows":3}
I/flutter (22133): B25_CAPTURE_PROGRESS {"emittedAt":"2026-07-03T01:25:49.286192Z","status":"screenshot-start","phase":"B13","screenshotName":"B13_ext_garden_club_garden-export-custom-schemas_start","completedWorkflows":2,"totalWorkflows":3}
I/flutter (22133): B25_CAPTURE_PROGRESS {"emittedAt":"2026-07-03T01:25:50.385662Z","status":"screenshot-start","phase":"B13","screenshotName":"B13_ext_garden_club_garden-export-custom-schemas_action","completedWorkflows":2,"totalWorkflows":3}
I/flutter (22133): B25_CAPTURE_PROGRESS {"emittedAt":"2026-07-03T01:25:51.975992Z","status":"screenshot-start","phase":"B13","screenshotName":"B13_ext_garden_club_garden-export-custom-schemas_complete","completedWorkflows":2,"totalWorkflows":3}
I/flutter (22133): B25_CAPTURE_PROGRESS {"emittedAt":"2026-07-03T01:25:52.105659Z","status":"workflow-complete","phase":"B13","workflowId":"garden-export-custom-schemas","communityName":"Garden Club","completedWorkflows":3,"totalWorkflows":3}
W/WindowOnBackDispatcher(22133): sendCancelIfRunning: isInProgress=false callback=io.flutter.embedding.android.FlutterActivity$1@69144d3
D/FlutterJNI(22133): Sending viewport metrics to the engine.
I/flutter (22133): B25_CAPTURE_PROGRESS {"emittedAt":"2026-07-03T01:25:52.771861Z","status":"run-complete","completedWorkflows":3,"totalWorkflows":3}
I/flutter (22133): 00:16 +1: (tearDownAll)
I/flutter (22133): 00:16 +2: All tests passed!
All tests passed.

--- stderr ---
VMServiceFlutterDriver: Connecting to Flutter application at http://127.0.0.1:40107/NTXqBJYLOI0=/
VMServiceFlutterDriver: Isolate found with number: 1636102538578635
VMServiceFlutterDriver: Isolate 1636102538578635 is runnable.
VMServiceFlutterDriver: Isolate is paused at start.
VMServiceFlutterDriver: Attempting to resume isolate
VMServiceFlutterDriver: Connected to Flutter application.
VMServiceFlutterDriver: request_data message is taking a long time to complete...

--- B14 shard 1/4 ---
$ flutter drive --driver=test_driver/workflow_ui_evidence_test.dart --target=integration_test/workflow_ui_evidence_test.dart -d emulator-5554 --dart-define=LOOM_PRELOAD_EXAMPLE_COMMUNITIES=true --dart-define=LOOM_EVIDENCE_PHASE_FILTER=B14 --dart-define=LOOM_EVIDENCE_WORKFLOW_SHARD_COUNT=4 --dart-define=LOOM_EVIDENCE_WORKFLOW_SHARD_INDEX=0
exitCode=0

--- stdout ---
Resolving dependencies in `/mnt/c/Users/fahd_/OneDrive/Documents/Loom/app`...
Downloading packages...
  _fe_analyzer_shared 93.0.0 (104.0.0 available)
  analyzer 10.0.1 (14.0.0 available)
  cli_util 0.4.2 (0.5.1 available)
  code_assets 1.2.0 (1.2.1 available)
  dart_style 3.1.7 (3.1.9 available)
  drift 2.33.0 (2.34.0 available)
  drift_dev 2.33.0 (2.34.1+1 available)
  hooks 2.0.0 (2.0.2 available)
  image 4.8.0 (4.9.1 available)
  matcher 0.12.19 (0.12.20 available)
  melos 7.8.0 (8.0.0 available)
  meta 1.17.0 (1.18.3 available)
  mustache_template 2.0.4 (2.0.5 available)
  native_toolchain_c 0.19.1 (0.19.2 available)
  package_config 2.2.0 (3.0.0 available)
  path_provider 2.1.5 (2.1.6 available)
  path_provider_linux 2.2.1 (2.2.2 available)
  path_provider_platform_interface 2.1.2 (2.1.3 available)
  sqlite3 3.3.2 (3.3.3 available)
  sqlite3_flutter_libs 0.5.42 (0.6.0+eol available)
  sqlparser 0.44.4 (0.44.5 available)
  test 1.30.0 (1.31.2 available)
  test_api 0.7.10 (0.7.13 available)
  test_core 0.6.16 (0.6.19 available)
  url_launcher_android 6.3.30 (6.3.32 available)
  vector_math 2.2.0 (2.4.0 available)
  webview_flutter 4.13.1 (4.14.0 available)
  webview_flutter_android 4.12.0 (4.13.0 available)
  webview_flutter_wkwebview 3.25.1 (3.26.0 available)
  xml 6.6.1 (7.0.1 available)
Got dependencies in `/mnt/c/Users/fahd_/OneDrive/Documents/Loom/app`!
30 packages have newer versions incompatible with dependency constraints.
Try `flutter pub outdated` for more information.
Running Gradle task 'assembleDebug'...                             26.6s
✓ Built build/app/outputs/flutter-apk/app-debug.apk
Installing build/app/outputs/flutter-apk/app-debug.apk...          941ms
I/ommunities_demo(22297): Compiler allocated 5042KB to compile void android.view.ViewRootImpl.performTraversals()
D/WindowLayoutComponentImpl(22297): Register WindowLayoutInfoListener on Context=com.example.loom_communities_demo.MainActivity@cf4cac, of which baseContext=android.app.ContextImpl@69f23d6
D/FlutterJNI(22297): Sending viewport metrics to the engine.
I/flutter (22297): 00:00 +0: wf_full-ui-screenshot-evidence-b12-b20
D/InsetsController(22297): hide(ime(), fromIme=false)
I/ImeTracker(22297): com.example.loom_communities_demo:3326b8c: onCancelled at PHASE_CLIENT_ALREADY_HIDDEN
D/FlutterJNI(22297): Sending viewport metrics to the engine.
D/FlutterJNI(22297): Sending viewport metrics to the engine.
D/ProfileInstaller(22297): Installing profile for com.example.loom_communities_demo
I/flutter (22297): B25_CAPTURE_PROGRESS {"emittedAt":"2026-07-03T01:26:32.953197Z","status":"workflow-start","phase":"B14","workflowId":"book-nomination","communityName":"Neighborhood Book Club","completedWorkflows":0,"totalWorkflows":8}
I/flutter (22297): B25_CAPTURE_PROGRESS {"emittedAt":"2026-07-03T01:26:34.538069Z","status":"screenshot-start","phase":"B14","screenshotName":"B14_ext_book_club_book-nomination_start","completedWorkflows":0,"totalWorkflows":8}
I/flutter (22297): B25_CAPTURE_PROGRESS {"emittedAt":"2026-07-03T01:26:35.752182Z","status":"screenshot-start","phase":"B14","screenshotName":"B14_ext_book_club_book-nomination_action","completedWorkflows":0,"totalWorkflows":8}
I/flutter (22297): B25_CAPTURE_PROGRESS {"emittedAt":"2026-07-03T01:26:37.363809Z","status":"screenshot-start","phase":"B14","screenshotName":"B14_ext_book_club_book-nomination_complete","completedWorkflows":0,"totalWorkflows":8}
I/flutter (22297): B25_CAPTURE_PROGRESS {"emittedAt":"2026-07-03T01:26:37.489494Z","status":"workflow-complete","phase":"B14","workflowId":"book-nomination","communityName":"Neighborhood Book Club","completedWorkflows":1,"totalWorkflows":8}
I/flutter (22297): B25_CAPTURE_PROGRESS {"emittedAt":"2026-07-03T01:26:37.489855Z","status":"workflow-start","phase":"B14","workflowId":"book-selection-publish","communityName":"Neighborhood Book Club","completedWorkflows":1,"totalWorkflows":8}
I/flutter (22297): B25_CAPTURE_PROGRESS {"emittedAt":"2026-07-03T01:26:38.724877Z","status":"screenshot-start","phase":"B14","screenshotName":"B14_ext_book_club_book-selection-publish_start","completedWorkflows":1,"totalWorkflows":8}
I/flutter (22297): B25_CAPTURE_PROGRESS {"emittedAt":"2026-07-03T01:26:39.852681Z","status":"screenshot-start","phase":"B14","screenshotName":"B14_ext_book_club_book-selection-publish_action","completedWorkflows":1,"totalWorkflows":8}
I/flutter (22297): B25_CAPTURE_PROGRESS {"emittedAt":"2026-07-03T01:26:41.496120Z","status":"screenshot-start","phase":"B14","screenshotName":"B14_ext_book_club_book-selection-publish_complete","completedWorkflows":1,"totalWorkflows":8}
I/flutter (22297): B25_CAPTURE_PROGRESS {"emittedAt":"2026-07-03T01:26:41.626799Z","status":"workflow-complete","phase":"B14","workflowId":"book-selection-publish","communityName":"Neighborhood Book Club","completedWorkflows":2,"totalWorkflows":8}
W/WindowOnBackDispatcher(22297): sendCancelIfRunning: isInProgress=false callback=io.flutter.embedding.android.FlutterActivity$1@69144d3
D/FlutterJNI(22297): Sending viewport metrics to the engine.
D/FlutterJNI(22297): Sending viewport metrics to the engine.
I/flutter (22297): B25_CAPTURE_PROGRESS {"emittedAt":"2026-07-03T01:26:43.387087Z","status":"workflow-start","phase":"B14","workflowId":"soccer-team-roster","communityName":"Riverside Youth Soccer","completedWorkflows":2,"totalWorkflows":8}
I/flutter (22297): B25_CAPTURE_PROGRESS {"emittedAt":"2026-07-03T01:26:44.869289Z","status":"screenshot-start","phase":"B14","screenshotName":"B14_ext_youth_soccer_soccer-team-roster_start","completedWorkflows":2,"totalWorkflows":8}
I/flutter (22297): B25_CAPTURE_PROGRESS {"emittedAt":"2026-07-03T01:26:45.936390Z","status":"screenshot-start","phase":"B14","screenshotName":"B14_ext_youth_soccer_soccer-team-roster_action","completedWorkflows":2,"totalWorkflows":8}
I/flutter (22297): B25_CAPTURE_PROGRESS {"emittedAt":"2026-07-03T01:26:47.913242Z","status":"screenshot-start","phase":"B14","screenshotName":"B14_ext_youth_soccer_soccer-team-roster_complete","completedWorkflows":2,"totalWorkflows":8}
I/flutter (22297): B25_CAPTURE_PROGRESS {"emittedAt":"2026-07-03T01:26:48.030021Z","status":"workflow-complete","phase":"B14","workflowId":"soccer-team-roster","communityName":"Riverside Youth Soccer","completedWorkflows":3,"totalWorkflows":8}
I/flutter (22297): B25_CAPTURE_PROGRESS {"emittedAt":"2026-07-03T01:26:48.030473Z","status":"workflow-start","phase":"B14","workflowId":"soccer-reminder-notification","communityName":"Riverside Youth Soccer","completedWorkflows":3,"totalWorkflows":8}
I/flutter (22297): B25_CAPTURE_PROGRESS {"emittedAt":"2026-07-03T01:26:49.419933Z","status":"screenshot-start","phase":"B14","screenshotName":"B14_ext_youth_soccer_soccer-reminder-notification_start","completedWorkflows":3,"totalWorkflows":8}
I/flutter (22297): B25_CAPTURE_PROGRESS {"emittedAt":"2026-07-03T01:26:50.502239Z","status":"screenshot-start","phase":"B14","screenshotName":"B14_ext_youth_soccer_soccer-reminder-notification_action","completedWorkflows":3,"totalWorkflows":8}
I/flutter (22297): B25_CAPTURE_PROGRESS {"emittedAt":"2026-07-03T01:26:52.061897Z","status":"screenshot-start","phase":"B14","screenshotName":"B14_ext_youth_soccer_soccer-reminder-notification_complete","completedWorkflows":3,"totalWorkflows":8}
I/flutter (22297): B25_CAPTURE_PROGRESS {"emittedAt":"2026-07-03T01:26:52.207952Z","status":"workflow-complete","phase":"B14","workflowId":"soccer-reminder-notification","communityName":"Riverside Youth Soccer","completedWorkflows":4,"totalWorkflows":8}
W/WindowOnBackDispatcher(22297): sendCancelIfRunning: isInProgress=false callback=io.flutter.embedding.android.FlutterActivity$1@69144d3
D/FlutterJNI(22297): Sending viewport metrics to the engine.
D/FlutterJNI(22297): Sending viewport metrics to the engine.
I/flutter (22297): B25_CAPTURE_PROGRESS {"emittedAt":"2026-07-03T01:26:53.987351Z","status":"workflow-start","phase":"B14","workflowId":"hoa-facility-reservation","communityName":"Cedar Commons HOA","completedWorkflows":4,"totalWorkflows":8}
I/flutter (22297): B25_CAPTURE_PROGRESS {"emittedAt":"2026-07-03T01:26:55.452890Z","status":"screenshot-start","phase":"B14","screenshotName":"B14_ext_hoa_hoa-facility-reservation_start","completedWorkflows":4,"totalWorkflows":8}
I/flutter (22297): B25_CAPTURE_PROGRESS {"emittedAt":"2026-07-03T01:26:56.952441Z","status":"screenshot-start","phase":"B14","screenshotName":"B14_ext_hoa_hoa-facility-reservation_action","completedWorkflows":4,"totalWorkflows":8}
I/flutter (22297): B25_CAPTURE_PROGRESS {"emittedAt":"2026-07-03T01:26:58.424665Z","status":"screenshot-start","phase":"B14","screenshotName":"B14_ext_hoa_hoa-facility-reservation_complete","completedWorkflows":4,"totalWorkflows":8}
I/flutter (22297): B25_CAPTURE_PROGRESS {"emittedAt":"2026-07-03T01:26:58.547405Z","status":"workflow-complete","phase":"B14","workflowId":"hoa-facility-reservation","communityName":"Cedar Commons HOA","completedWorkflows":5,"totalWorkflows":8}
I/flutter (22297): B25_CAPTURE_PROGRESS {"emittedAt":"2026-07-03T01:26:58.547762Z","status":"workflow-start","phase":"B14","workflowId":"hoa-export-evidence","communityName":"Cedar Commons HOA","completedWorkflows":5,"totalWorkflows":8}
I/flutter (22297): B25_CAPTURE_PROGRESS {"emittedAt":"2026-07-03T01:26:59.903451Z","status":"screenshot-start","phase":"B14","screenshotName":"B14_ext_hoa_hoa-export-evidence_start","completedWorkflows":5,"totalWorkflows":8}
I/flutter (22297): B25_CAPTURE_PROGRESS {"emittedAt":"2026-07-03T01:27:00.985902Z","status":"screenshot-start","phase":"B14","screenshotName":"B14_ext_hoa_hoa-export-evidence_action","completedWorkflows":5,"totalWorkflows":8}
I/flutter (22297): B25_CAPTURE_PROGRESS {"emittedAt":"2026-07-03T01:27:02.474807Z","status":"screenshot-start","phase":"B14","screenshotName":"B14_ext_hoa_hoa-export-evidence_complete","completedWorkflows":5,"totalWorkflows":8}
I/flutter (22297): B25_CAPTURE_PROGRESS {"emittedAt":"2026-07-03T01:27:02.596690Z","status":"workflow-complete","phase":"B14","workflowId":"hoa-export-evidence","communityName":"Cedar Commons HOA","completedWorkflows":6,"totalWorkflows":8}
W/WindowOnBackDispatcher(22297): sendCancelIfRunning: isInProgress=false callback=io.flutter.embedding.android.FlutterActivity$1@69144d3
D/FlutterJNI(22297): Sending viewport metrics to the engine.
D/FlutterJNI(22297): Sending viewport metrics to the engine.
I/flutter (22297): B25_CAPTURE_PROGRESS {"emittedAt":"2026-07-03T01:27:04.336218Z","status":"workflow-start","phase":"B14","workflowId":"mosque-donor-visibility","communityName":"Masjid Nur","completedWorkflows":6,"totalWorkflows":8}
I/flutter (22297): B25_CAPTURE_PROGRESS {"emittedAt":"2026-07-03T01:27:05.794484Z","status":"screenshot-start","phase":"B14","screenshotName":"B14_ext_mosque_mosque-donor-visibility_start","completedWorkflows":6,"totalWorkflows":8}
I/flutter (22297): B25_CAPTURE_PROGRESS {"emittedAt":"2026-07-03T01:27:06.870497Z","status":"screenshot-start","phase":"B14","screenshotName":"B14_ext_mosque_mosque-donor-visibility_action","completedWorkflows":6,"totalWorkflows":8}
I/flutter (22297): B25_CAPTURE_PROGRESS {"emittedAt":"2026-07-03T01:27:08.478199Z","status":"screenshot-start","phase":"B14","screenshotName":"B14_ext_mosque_mosque-donor-visibility_complete","completedWorkflows":6,"totalWorkflows":8}
I/flutter (22297): B25_CAPTURE_PROGRESS {"emittedAt":"2026-07-03T01:27:08.610567Z","status":"workflow-complete","phase":"B14","workflowId":"mosque-donor-visibility","communityName":"Masjid Nur","completedWorkflows":7,"totalWorkflows":8}
I/flutter (22297): B25_CAPTURE_PROGRESS {"emittedAt":"2026-07-03T01:27:08.610908Z","status":"workflow-start","phase":"B14","workflowId":"mosque-search-ai-citation","communityName":"Masjid Nur","completedWorkflows":7,"totalWorkflows":8}
I/flutter (22297): B25_CAPTURE_PROGRESS {"emittedAt":"2026-07-03T01:27:14.019888Z","status":"screenshot-start","phase":"B14","screenshotName":"B14_ext_mosque_mosque-search-ai-citation_start","completedWorkflows":7,"totalWorkflows":8}
I/flutter (22297): B25_CAPTURE_PROGRESS {"emittedAt":"2026-07-03T01:27:15.368968Z","status":"screenshot-start","phase":"B14","screenshotName":"B14_ext_mosque_mosque-search-ai-citation_action","completedWorkflows":7,"totalWorkflows":8}
I/flutter (22297): B25_CAPTURE_PROGRESS {"emittedAt":"2026-07-03T01:27:16.941728Z","status":"screenshot-start","phase":"B14","screenshotName":"B14_ext_mosque_mosque-search-ai-citation_complete","completedWorkflows":7,"totalWorkflows":8}
I/flutter (22297): B25_CAPTURE_PROGRESS {"emittedAt":"2026-07-03T01:27:17.083731Z","status":"workflow-complete","phase":"B14","workflowId":"mosque-search-ai-citation","communityName":"Masjid Nur","completedWorkflows":8,"totalWorkflows":8}
W/WindowOnBackDispatcher(22297): sendCancelIfRunning: isInProgress=false callback=io.flutter.embedding.android.FlutterActivity$1@69144d3
D/FlutterJNI(22297): Sending viewport metrics to the engine.
I/flutter (22297): B25_CAPTURE_PROGRESS {"emittedAt":"2026-07-03T01:27:17.703536Z","status":"run-complete","completedWorkflows":8,"totalWorkflows":8}
I/flutter (22297): 00:47 +1: (tearDownAll)
I/flutter (22297): 00:48 +2: All tests passed!
All tests passed.

--- stderr ---
VMServiceFlutterDriver: Connecting to Flutter application at http://127.0.0.1:39307/j0LTUNzbuk4=/
VMServiceFlutterDriver: Isolate found with number: 107979669603511
VMServiceFlutterDriver: Isolate 107979669603511 is runnable.
VMServiceFlutterDriver: Isolate is paused at start.
VMServiceFlutterDriver: Attempting to resume isolate
VMServiceFlutterDriver: Connected to Flutter application.
VMServiceFlutterDriver: request_data message is taking a long time to complete...

--- B14 shard 2/4 ---
$ flutter drive --driver=test_driver/workflow_ui_evidence_test.dart --target=integration_test/workflow_ui_evidence_test.dart -d emulator-5554 --dart-define=LOOM_PRELOAD_EXAMPLE_COMMUNITIES=true --dart-define=LOOM_EVIDENCE_PHASE_FILTER=B14 --dart-define=LOOM_EVIDENCE_WORKFLOW_SHARD_COUNT=4 --dart-define=LOOM_EVIDENCE_WORKFLOW_SHARD_INDEX=1
exitCode=0

--- stdout ---
Resolving dependencies in `/mnt/c/Users/fahd_/OneDrive/Documents/Loom/app`...
Downloading packages...
  _fe_analyzer_shared 93.0.0 (104.0.0 available)
  analyzer 10.0.1 (14.0.0 available)
  cli_util 0.4.2 (0.5.1 available)
  code_assets 1.2.0 (1.2.1 available)
  dart_style 3.1.7 (3.1.9 available)
  drift 2.33.0 (2.34.0 available)
  drift_dev 2.33.0 (2.34.1+1 available)
  hooks 2.0.0 (2.0.2 available)
  image 4.8.0 (4.9.1 available)
  matcher 0.12.19 (0.12.20 available)
  melos 7.8.0 (8.0.0 available)
  meta 1.17.0 (1.18.3 available)
  mustache_template 2.0.4 (2.0.5 available)
  native_toolchain_c 0.19.1 (0.19.2 available)
  package_config 2.2.0 (3.0.0 available)
  path_provider 2.1.5 (2.1.6 available)
  path_provider_linux 2.2.1 (2.2.2 available)
  path_provider_platform_interface 2.1.2 (2.1.3 available)
  sqlite3 3.3.2 (3.3.3 available)
  sqlite3_flutter_libs 0.5.42 (0.6.0+eol available)
  sqlparser 0.44.4 (0.44.5 available)
  test 1.30.0 (1.31.2 available)
  test_api 0.7.10 (0.7.13 available)
  test_core 0.6.16 (0.6.19 available)
  url_launcher_android 6.3.30 (6.3.32 available)
  vector_math 2.2.0 (2.4.0 available)
  webview_flutter 4.13.1 (4.14.0 available)
  webview_flutter_android 4.12.0 (4.13.0 available)
  webview_flutter_wkwebview 3.25.1 (3.26.0 available)
  xml 6.6.1 (7.0.1 available)
Got dependencies in `/mnt/c/Users/fahd_/OneDrive/Documents/Loom/app`!
30 packages have newer versions incompatible with dependency constraints.
Try `flutter pub outdated` for more information.
Running Gradle task 'assembleDebug'...                             26.7s
✓ Built build/app/outputs/flutter-apk/app-debug.apk
Installing build/app/outputs/flutter-apk/app-debug.apk...          950ms
I/ommunities_demo(22469): Compiler allocated 5042KB to compile void android.view.ViewRootImpl.performTraversals()
D/WindowLayoutComponentImpl(22469): Register WindowLayoutInfoListener on Context=com.example.loom_communities_demo.MainActivity@c19b2fe, of which baseContext=android.app.ContextImpl@f3a8798
D/FlutterJNI(22469): Sending viewport metrics to the engine.
I/flutter (22469): 00:00 +0: wf_full-ui-screenshot-evidence-b12-b20
D/FlutterJNI(22469): Sending viewport metrics to the engine.
D/InsetsController(22469): hide(ime(), fromIme=false)
I/ImeTracker(22469): com.example.loom_communities_demo:658e8e78: onCancelled at PHASE_CLIENT_ALREADY_HIDDEN
D/FlutterJNI(22469): Sending viewport metrics to the engine.
I/flutter (22469): B25_CAPTURE_PROGRESS {"emittedAt":"2026-07-03T01:27:59.440958Z","status":"workflow-start","phase":"B14","workflowId":"book-vote","communityName":"Neighborhood Book Club","completedWorkflows":0,"totalWorkflows":7}
D/ProfileInstaller(22469): Installing profile for com.example.loom_communities_demo
I/flutter (22469): B25_CAPTURE_PROGRESS {"emittedAt":"2026-07-03T01:28:01.037292Z","status":"screenshot-start","phase":"B14","screenshotName":"B14_ext_book_club_book-vote_start","completedWorkflows":0,"totalWorkflows":7}
I/flutter (22469): B25_CAPTURE_PROGRESS {"emittedAt":"2026-07-03T01:28:02.268760Z","status":"screenshot-start","phase":"B14","screenshotName":"B14_ext_book_club_book-vote_action","completedWorkflows":0,"totalWorkflows":7}
I/flutter (22469): B25_CAPTURE_PROGRESS {"emittedAt":"2026-07-03T01:28:03.881288Z","status":"screenshot-start","phase":"B14","screenshotName":"B14_ext_book_club_book-vote_complete","completedWorkflows":0,"totalWorkflows":7}
I/flutter (22469): B25_CAPTURE_PROGRESS {"emittedAt":"2026-07-03T01:28:04.005374Z","status":"workflow-complete","phase":"B14","workflowId":"book-vote","communityName":"Neighborhood Book Club","completedWorkflows":1,"totalWorkflows":7}
I/flutter (22469): B25_CAPTURE_PROGRESS {"emittedAt":"2026-07-03T01:28:04.005716Z","status":"workflow-start","phase":"B14","workflowId":"book-search-ai-digest","communityName":"Neighborhood Book Club","completedWorkflows":1,"totalWorkflows":7}
I/flutter (22469): B25_CAPTURE_PROGRESS {"emittedAt":"2026-07-03T01:28:05.388102Z","status":"screenshot-start","phase":"B14","screenshotName":"B14_ext_book_club_book-search-ai-digest_start","completedWorkflows":1,"totalWorkflows":7}
I/flutter (22469): B25_CAPTURE_PROGRESS {"emittedAt":"2026-07-03T01:28:06.553107Z","status":"screenshot-start","phase":"B14","screenshotName":"B14_ext_book_club_book-search-ai-digest_action","completedWorkflows":1,"totalWorkflows":7}
I/flutter (22469): B25_CAPTURE_PROGRESS {"emittedAt":"2026-07-03T01:28:08.155288Z","status":"screenshot-start","phase":"B14","screenshotName":"B14_ext_book_club_book-search-ai-digest_complete","completedWorkflows":1,"totalWorkflows":7}
I/flutter (22469): B25_CAPTURE_PROGRESS {"emittedAt":"2026-07-03T01:28:08.288104Z","status":"workflow-complete","phase":"B14","workflowId":"book-search-ai-digest","communityName":"Neighborhood Book Club","completedWorkflows":2,"totalWorkflows":7}
W/WindowOnBackDispatcher(22469): sendCancelIfRunning: isInProgress=false callback=io.flutter.embedding.android.FlutterActivity$1@767bf0d
D/FlutterJNI(22469): Sending viewport metrics to the engine.
D/FlutterJNI(22469): Sending viewport metrics to the engine.
I/flutter (22469): B25_CAPTURE_PROGRESS {"emittedAt":"2026-07-03T01:28:10.037217Z","status":"workflow-start","phase":"B14","workflowId":"soccer-minor-redaction","communityName":"Riverside Youth Soccer","completedWorkflows":2,"totalWorkflows":7}
I/flutter (22469): B25_CAPTURE_PROGRESS {"emittedAt":"2026-07-03T01:28:11.535887Z","status":"screenshot-start","phase":"B14","screenshotName":"B14_ext_youth_soccer_soccer-minor-redaction_start","completedWorkflows":2,"totalWorkflows":7}
I/flutter (22469): B25_CAPTURE_PROGRESS {"emittedAt":"2026-07-03T01:28:12.651967Z","status":"screenshot-start","phase":"B14","screenshotName":"B14_ext_youth_soccer_soccer-minor-redaction_action","completedWorkflows":2,"totalWorkflows":7}
I/flutter (22469): B25_CAPTURE_PROGRESS {"emittedAt":"2026-07-03T01:28:14.327237Z","status":"screenshot-start","phase":"B14","screenshotName":"B14_ext_youth_soccer_soccer-minor-redaction_complete","completedWorkflows":2,"totalWorkflows":7}
I/flutter (22469): B25_CAPTURE_PROGRESS {"emittedAt":"2026-07-03T01:28:14.448971Z","status":"workflow-complete","phase":"B14","workflowId":"soccer-minor-redaction","communityName":"Riverside Youth Soccer","completedWorkflows":3,"totalWorkflows":7}
I/flutter (22469): B25_CAPTURE_PROGRESS {"emittedAt":"2026-07-03T01:28:14.449333Z","status":"workflow-start","phase":"B14","workflowId":"soccer-export-metadata","communityName":"Riverside Youth Soccer","completedWorkflows":3,"totalWorkflows":7}
I/flutter (22469): B25_CAPTURE_PROGRESS {"emittedAt":"2026-07-03T01:28:15.853086Z","status":"screenshot-start","phase":"B14","screenshotName":"B14_ext_youth_soccer_soccer-export-metadata_start","completedWorkflows":3,"totalWorkflows":7}
I/flutter (22469): B25_CAPTURE_PROGRESS {"emittedAt":"2026-07-03T01:28:17.051963Z","status":"screenshot-start","phase":"B14","screenshotName":"B14_ext_youth_soccer_soccer-export-metadata_action","completedWorkflows":3,"totalWorkflows":7}
I/flutter (22469): B25_CAPTURE_PROGRESS {"emittedAt":"2026-07-03T01:28:18.543308Z","status":"screenshot-start","phase":"B14","screenshotName":"B14_ext_youth_soccer_soccer-export-metadata_complete","completedWorkflows":3,"totalWorkflows":7}
I/flutter (22469): B25_CAPTURE_PROGRESS {"emittedAt":"2026-07-03T01:28:18.663333Z","status":"workflow-complete","phase":"B14","workflowId":"soccer-export-metadata","communityName":"Riverside Youth Soccer","completedWorkflows":4,"totalWorkflows":7}
W/WindowOnBackDispatcher(22469): sendCancelIfRunning: isInProgress=false callback=io.flutter.embedding.android.FlutterActivity$1@767bf0d
D/FlutterJNI(22469): Sending viewport metrics to the engine.
D/FlutterJNI(22469): Sending viewport metrics to the engine.
I/flutter (22469): B25_CAPTURE_PROGRESS {"emittedAt":"2026-07-03T01:28:20.420020Z","status":"workflow-start","phase":"B14","workflowId":"hoa-architectural-request","communityName":"Cedar Commons HOA","completedWorkflows":4,"totalWorkflows":7}
I/flutter (22469): B25_CAPTURE_PROGRESS {"emittedAt":"2026-07-03T01:28:21.869643Z","status":"screenshot-start","phase":"B14","screenshotName":"B14_ext_hoa_hoa-architectural-request_start","completedWorkflows":4,"totalWorkflows":7}
I/flutter (22469): B25_CAPTURE_PROGRESS {"emittedAt":"2026-07-03T01:28:22.969110Z","status":"screenshot-start","phase":"B14","screenshotName":"B14_ext_hoa_hoa-architectural-request_action","completedWorkflows":4,"totalWorkflows":7}
I/flutter (22469): B25_CAPTURE_PROGRESS {"emittedAt":"2026-07-03T01:28:24.475779Z","status":"screenshot-start","phase":"B14","screenshotName":"B14_ext_hoa_hoa-architectural-request_complete","completedWorkflows":4,"totalWorkflows":7}
I/flutter (22469): B25_CAPTURE_PROGRESS {"emittedAt":"2026-07-03T01:28:24.601701Z","status":"workflow-complete","phase":"B14","workflowId":"hoa-architectural-request","communityName":"Cedar Commons HOA","completedWorkflows":5,"totalWorkflows":7}
W/WindowOnBackDispatcher(22469): sendCancelIfRunning: isInProgress=false callback=io.flutter.embedding.android.FlutterActivity$1@767bf0d
D/FlutterJNI(22469): Sending viewport metrics to the engine.
D/FlutterJNI(22469): Sending viewport metrics to the engine.
I/flutter (22469): B25_CAPTURE_PROGRESS {"emittedAt":"2026-07-03T01:28:26.387071Z","status":"workflow-start","phase":"B14","workflowId":"mosque-announcement","communityName":"Masjid Nur","completedWorkflows":5,"totalWorkflows":7}
I/flutter (22469): B25_CAPTURE_PROGRESS {"emittedAt":"2026-07-03T01:28:27.836074Z","status":"screenshot-start","phase":"B14","screenshotName":"B14_ext_mosque_mosque-announcement_start","completedWorkflows":5,"totalWorkflows":7}
I/flutter (22469): B25_CAPTURE_PROGRESS {"emittedAt":"2026-07-03T01:28:29.089901Z","status":"screenshot-start","phase":"B14","screenshotName":"B14_ext_mosque_mosque-announcement_action","completedWorkflows":5,"totalWorkflows":7}
I/flutter (22469): B25_CAPTURE_PROGRESS {"emittedAt":"2026-07-03T01:28:30.694439Z","status":"screenshot-start","phase":"B14","screenshotName":"B14_ext_mosque_mosque-announcement_complete","completedWorkflows":5,"totalWorkflows":7}
I/flutter (22469): B25_CAPTURE_PROGRESS {"emittedAt":"2026-07-03T01:28:30.818231Z","status":"workflow-complete","phase":"B14","workflowId":"mosque-announcement","communityName":"Masjid Nur","completedWorkflows":6,"totalWorkflows":7}
I/flutter (22469): B25_CAPTURE_PROGRESS {"emittedAt":"2026-07-03T01:28:30.818552Z","status":"workflow-start","phase":"B14","workflowId":"mosque-donation-payment","communityName":"Masjid Nur","completedWorkflows":6,"totalWorkflows":7}
I/flutter (22469): B25_CAPTURE_PROGRESS {"emittedAt":"2026-07-03T01:28:32.142879Z","status":"screenshot-start","phase":"B14","screenshotName":"B14_ext_mosque_mosque-donation-payment_start","completedWorkflows":6,"totalWorkflows":7}
I/flutter (22469): B25_CAPTURE_PROGRESS {"emittedAt":"2026-07-03T01:28:33.319226Z","status":"screenshot-start","phase":"B14","screenshotName":"B14_ext_mosque_mosque-donation-payment_action","completedWorkflows":6,"totalWorkflows":7}
I/flutter (22469): B25_CAPTURE_PROGRESS {"emittedAt":"2026-07-03T01:28:34.760474Z","status":"screenshot-start","phase":"B14","screenshotName":"B14_ext_mosque_mosque-donation-payment_complete","completedWorkflows":6,"totalWorkflows":7}
I/flutter (22469): B25_CAPTURE_PROGRESS {"emittedAt":"2026-07-03T01:28:34.883645Z","status":"workflow-complete","phase":"B14","workflowId":"mosque-donation-payment","communityName":"Masjid Nur","completedWorkflows":7,"totalWorkflows":7}
W/WindowOnBackDispatcher(22469): sendCancelIfRunning: isInProgress=false callback=io.flutter.embedding.android.FlutterActivity$1@767bf0d
D/FlutterJNI(22469): Sending viewport metrics to the engine.
I/flutter (22469): B25_CAPTURE_PROGRESS {"emittedAt":"2026-07-03T01:28:35.503830Z","status":"run-complete","completedWorkflows":7,"totalWorkflows":7}
I/flutter (22469): 00:39 +1: (tearDownAll)
I/flutter (22469): 00:39 +2: All tests passed!
All tests passed.

--- stderr ---
VMServiceFlutterDriver: Connecting to Flutter application at http://127.0.0.1:38073/P9hE3U9aIbI=/
VMServiceFlutterDriver: Isolate found with number: 4406623059999319
VMServiceFlutterDriver: Isolate 4406623059999319 is runnable.
VMServiceFlutterDriver: Isolate is paused at start.
VMServiceFlutterDriver: Attempting to resume isolate
VMServiceFlutterDriver: Connected to Flutter application.
VMServiceFlutterDriver: request_data message is taking a long time to complete...

--- B14 shard 3/4 ---
$ flutter drive --driver=test_driver/workflow_ui_evidence_test.dart --target=integration_test/workflow_ui_evidence_test.dart -d emulator-5554 --dart-define=LOOM_PRELOAD_EXAMPLE_COMMUNITIES=true --dart-define=LOOM_EVIDENCE_PHASE_FILTER=B14 --dart-define=LOOM_EVIDENCE_WORKFLOW_SHARD_COUNT=4 --dart-define=LOOM_EVIDENCE_WORKFLOW_SHARD_INDEX=2
exitCode=0

--- stdout ---
Resolving dependencies in `/mnt/c/Users/fahd_/OneDrive/Documents/Loom/app`...
Downloading packages...
  _fe_analyzer_shared 93.0.0 (104.0.0 available)
  analyzer 10.0.1 (14.0.0 available)
  cli_util 0.4.2 (0.5.1 available)
  code_assets 1.2.0 (1.2.1 available)
  dart_style 3.1.7 (3.1.9 available)
  drift 2.33.0 (2.34.0 available)
  drift_dev 2.33.0 (2.34.1+1 available)
  hooks 2.0.0 (2.0.2 available)
  image 4.8.0 (4.9.1 available)
  matcher 0.12.19 (0.12.20 available)
  melos 7.8.0 (8.0.0 available)
  meta 1.17.0 (1.18.3 available)
  mustache_template 2.0.4 (2.0.5 available)
  native_toolchain_c 0.19.1 (0.19.2 available)
  package_config 2.2.0 (3.0.0 available)
  path_provider 2.1.5 (2.1.6 available)
  path_provider_linux 2.2.1 (2.2.2 available)
  path_provider_platform_interface 2.1.2 (2.1.3 available)
  sqlite3 3.3.2 (3.3.3 available)
  sqlite3_flutter_libs 0.5.42 (0.6.0+eol available)
  sqlparser 0.44.4 (0.44.5 available)
  test 1.30.0 (1.31.2 available)
  test_api 0.7.10 (0.7.13 available)
  test_core 0.6.16 (0.6.19 available)
  url_launcher_android 6.3.30 (6.3.32 available)
  vector_math 2.2.0 (2.4.0 available)
  webview_flutter 4.13.1 (4.14.0 available)
  webview_flutter_android 4.12.0 (4.13.0 available)
  webview_flutter_wkwebview 3.25.1 (3.26.0 available)
  xml 6.6.1 (7.0.1 available)
Got dependencies in `/mnt/c/Users/fahd_/OneDrive/Documents/Loom/app`!
30 packages have newer versions incompatible with dependency constraints.
Try `flutter pub outdated` for more information.
Running Gradle task 'assembleDebug'...                             35.1s
✓ Built build/app/outputs/flutter-apk/app-debug.apk
Installing build/app/outputs/flutter-apk/app-debug.apk...        1,000ms
D/FlutterJNI(22645): Sending viewport metrics to the engine.
D/WindowLayoutComponentImpl(22645): Register WindowLayoutInfoListener on Context=com.example.loom_communities_demo.MainActivity@c19b2fe, of which baseContext=android.app.ContextImpl@f3a8798
D/FlutterJNI(22645): Sending viewport metrics to the engine.
I/flutter (22645): 00:00 +0: wf_full-ui-screenshot-evidence-b12-b20
D/FlutterJNI(22645): Sending viewport metrics to the engine.
D/InsetsController(22645): hide(ime(), fromIme=false)
I/ImeTracker(22645): com.example.loom_communities_demo:36415ce3: onCancelled at PHASE_CLIENT_ALREADY_HIDDEN
D/FlutterJNI(22645): Sending viewport metrics to the engine.
D/ProfileInstaller(22645): Installing profile for com.example.loom_communities_demo
I/flutter (22645): B25_CAPTURE_PROGRESS {"emittedAt":"2026-07-03T01:29:26.146782Z","status":"workflow-start","phase":"B14","workflowId":"book-meeting-rsvp","communityName":"Neighborhood Book Club","completedWorkflows":0,"totalWorkflows":7}
I/flutter (22645): B25_CAPTURE_PROGRESS {"emittedAt":"2026-07-03T01:29:27.721303Z","status":"screenshot-start","phase":"B14","screenshotName":"B14_ext_book_club_book-meeting-rsvp_start","completedWorkflows":0,"totalWorkflows":7}
I/flutter (22645): B25_CAPTURE_PROGRESS {"emittedAt":"2026-07-03T01:29:28.902247Z","status":"screenshot-start","phase":"B14","screenshotName":"B14_ext_book_club_book-meeting-rsvp_action","completedWorkflows":0,"totalWorkflows":7}
I/flutter (22645): B25_CAPTURE_PROGRESS {"emittedAt":"2026-07-03T01:29:30.527947Z","status":"screenshot-start","phase":"B14","screenshotName":"B14_ext_book_club_book-meeting-rsvp_complete","completedWorkflows":0,"totalWorkflows":7}
I/flutter (22645): B25_CAPTURE_PROGRESS {"emittedAt":"2026-07-03T01:29:30.646283Z","status":"workflow-complete","phase":"B14","workflowId":"book-meeting-rsvp","communityName":"Neighborhood Book Club","completedWorkflows":1,"totalWorkflows":7}
I/flutter (22645): B25_CAPTURE_PROGRESS {"emittedAt":"2026-07-03T01:29:30.646568Z","status":"workflow-start","phase":"B14","workflowId":"book-export-metadata","communityName":"Neighborhood Book Club","completedWorkflows":1,"totalWorkflows":7}
I/flutter (22645): B25_CAPTURE_PROGRESS {"emittedAt":"2026-07-03T01:29:31.987499Z","status":"screenshot-start","phase":"B14","screenshotName":"B14_ext_book_club_book-export-metadata_start","completedWorkflows":1,"totalWorkflows":7}
I/flutter (22645): B25_CAPTURE_PROGRESS {"emittedAt":"2026-07-03T01:29:33.123300Z","status":"screenshot-start","phase":"B14","screenshotName":"B14_ext_book_club_book-export-metadata_action","completedWorkflows":1,"totalWorkflows":7}
I/flutter (22645): B25_CAPTURE_PROGRESS {"emittedAt":"2026-07-03T01:29:34.576582Z","status":"screenshot-start","phase":"B14","screenshotName":"B14_ext_book_club_book-export-metadata_complete","completedWorkflows":1,"totalWorkflows":7}
I/flutter (22645): B25_CAPTURE_PROGRESS {"emittedAt":"2026-07-03T01:29:34.702163Z","status":"workflow-complete","phase":"B14","workflowId":"book-export-metadata","communityName":"Neighborhood Book Club","completedWorkflows":2,"totalWorkflows":7}
W/WindowOnBackDispatcher(22645): sendCancelIfRunning: isInProgress=false callback=io.flutter.embedding.android.FlutterActivity$1@767bf0d
D/FlutterJNI(22645): Sending viewport metrics to the engine.
D/FlutterJNI(22645): Sending viewport metrics to the engine.
I/flutter (22645): B25_CAPTURE_PROGRESS {"emittedAt":"2026-07-03T01:29:36.486725Z","status":"workflow-start","phase":"B14","workflowId":"soccer-registration-payment","communityName":"Riverside Youth Soccer","completedWorkflows":2,"totalWorkflows":7}
I/flutter (22645): B25_CAPTURE_PROGRESS {"emittedAt":"2026-07-03T01:29:37.952683Z","status":"screenshot-start","phase":"B14","screenshotName":"B14_ext_youth_soccer_soccer-registration-payment_start","completedWorkflows":2,"totalWorkflows":7}
I/flutter (22645): B25_CAPTURE_PROGRESS {"emittedAt":"2026-07-03T01:29:39.221398Z","status":"screenshot-start","phase":"B14","screenshotName":"B14_ext_youth_soccer_soccer-registration-payment_action","completedWorkflows":2,"totalWorkflows":7}
I/flutter (22645): B25_CAPTURE_PROGRESS {"emittedAt":"2026-07-03T01:29:40.677684Z","status":"screenshot-start","phase":"B14","screenshotName":"B14_ext_youth_soccer_soccer-registration-payment_complete","completedWorkflows":2,"totalWorkflows":7}
I/flutter (22645): B25_CAPTURE_PROGRESS {"emittedAt":"2026-07-03T01:29:40.800926Z","status":"workflow-complete","phase":"B14","workflowId":"soccer-registration-payment","communityName":"Riverside Youth Soccer","completedWorkflows":3,"totalWorkflows":7}
W/WindowOnBackDispatcher(22645): sendCancelIfRunning: isInProgress=false callback=io.flutter.embedding.android.FlutterActivity$1@767bf0d
D/FlutterJNI(22645): Sending viewport metrics to the engine.
D/FlutterJNI(22645): Sending viewport metrics to the engine.
I/flutter (22645): B25_CAPTURE_PROGRESS {"emittedAt":"2026-07-03T01:29:42.637230Z","status":"workflow-start","phase":"B14","workflowId":"hoa-dues-payment","communityName":"Cedar Commons HOA","completedWorkflows":3,"totalWorkflows":7}
I/flutter (22645): B25_CAPTURE_PROGRESS {"emittedAt":"2026-07-03T01:29:44.092619Z","status":"screenshot-start","phase":"B14","screenshotName":"B14_ext_hoa_hoa-dues-payment_start","completedWorkflows":3,"totalWorkflows":7}
I/flutter (22645): B25_CAPTURE_PROGRESS {"emittedAt":"2026-07-03T01:29:45.352931Z","status":"screenshot-start","phase":"B14","screenshotName":"B14_ext_hoa_hoa-dues-payment_action","completedWorkflows":3,"totalWorkflows":7}
I/flutter (22645): B25_CAPTURE_PROGRESS {"emittedAt":"2026-07-03T01:29:46.827050Z","status":"screenshot-start","phase":"B14","screenshotName":"B14_ext_hoa_hoa-dues-payment_complete","completedWorkflows":3,"totalWorkflows":7}
I/flutter (22645): B25_CAPTURE_PROGRESS {"emittedAt":"2026-07-03T01:29:46.948618Z","status":"workflow-complete","phase":"B14","workflowId":"hoa-dues-payment","communityName":"Cedar Commons HOA","completedWorkflows":4,"totalWorkflows":7}
I/flutter (22645): B25_CAPTURE_PROGRESS {"emittedAt":"2026-07-03T01:29:46.948931Z","status":"workflow-start","phase":"B14","workflowId":"hoa-committee-decision","communityName":"Cedar Commons HOA","completedWorkflows":4,"totalWorkflows":7}
I/flutter (22645): B25_CAPTURE_PROGRESS {"emittedAt":"2026-07-03T01:29:52.236777Z","status":"screenshot-start","phase":"B14","screenshotName":"B14_ext_hoa_hoa-committee-decision_start","completedWorkflows":4,"totalWorkflows":7}
I/flutter (22645): B25_CAPTURE_PROGRESS {"emittedAt":"2026-07-03T01:29:53.319853Z","status":"screenshot-start","phase":"B14","screenshotName":"B14_ext_hoa_hoa-committee-decision_action","completedWorkflows":4,"totalWorkflows":7}
I/flutter (22645): B25_CAPTURE_PROGRESS {"emittedAt":"2026-07-03T01:29:54.759727Z","status":"screenshot-start","phase":"B14","screenshotName":"B14_ext_hoa_hoa-committee-decision_complete","completedWorkflows":4,"totalWorkflows":7}
I/flutter (22645): B25_CAPTURE_PROGRESS {"emittedAt":"2026-07-03T01:29:54.882687Z","status":"workflow-complete","phase":"B14","workflowId":"hoa-committee-decision","communityName":"Cedar Commons HOA","completedWorkflows":5,"totalWorkflows":7}
W/WindowOnBackDispatcher(22645): sendCancelIfRunning: isInProgress=false callback=io.flutter.embedding.android.FlutterActivity$1@767bf0d
D/FlutterJNI(22645): Sending viewport metrics to the engine.
D/FlutterJNI(22645): Sending viewport metrics to the engine.
I/flutter (22645): B25_CAPTURE_PROGRESS {"emittedAt":"2026-07-03T01:29:56.622214Z","status":"workflow-start","phase":"B14","workflowId":"mosque-event-rsvp","communityName":"Masjid Nur","completedWorkflows":5,"totalWorkflows":7}
I/flutter (22645): B25_CAPTURE_PROGRESS {"emittedAt":"2026-07-03T01:29:58.093497Z","status":"screenshot-start","phase":"B14","screenshotName":"B14_ext_mosque_mosque-event-rsvp_start","completedWorkflows":5,"totalWorkflows":7}
I/flutter (22645): B25_CAPTURE_PROGRESS {"emittedAt":"2026-07-03T01:29:59.302756Z","status":"screenshot-start","phase":"B14","screenshotName":"B14_ext_mosque_mosque-event-rsvp_action","completedWorkflows":5,"totalWorkflows":7}
I/flutter (22645): B25_CAPTURE_PROGRESS {"emittedAt":"2026-07-03T01:30:00.890852Z","status":"screenshot-start","phase":"B14","screenshotName":"B14_ext_mosque_mosque-event-rsvp_complete","completedWorkflows":5,"totalWorkflows":7}
I/flutter (22645): B25_CAPTURE_PROGRESS {"emittedAt":"2026-07-03T01:30:01.018052Z","status":"workflow-complete","phase":"B14","workflowId":"mosque-event-rsvp","communityName":"Masjid Nur","completedWorkflows":6,"totalWorkflows":7}
I/flutter (22645): B25_CAPTURE_PROGRESS {"emittedAt":"2026-07-03T01:30:01.018892Z","status":"workflow-start","phase":"B14","workflowId":"mosque-care-request","communityName":"Masjid Nur","completedWorkflows":6,"totalWorkflows":7}
I/flutter (22645): B25_CAPTURE_PROGRESS {"emittedAt":"2026-07-03T01:30:02.353841Z","status":"screenshot-start","phase":"B14","screenshotName":"B14_ext_mosque_mosque-care-request_start","completedWorkflows":6,"totalWorkflows":7}
I/flutter (22645): B25_CAPTURE_PROGRESS {"emittedAt":"2026-07-03T01:30:03.469908Z","status":"screenshot-start","phase":"B14","screenshotName":"B14_ext_mosque_mosque-care-request_action","completedWorkflows":6,"totalWorkflows":7}
I/flutter (22645): B25_CAPTURE_PROGRESS {"emittedAt":"2026-07-03T01:30:05.009387Z","status":"screenshot-start","phase":"B14","screenshotName":"B14_ext_mosque_mosque-care-request_complete","completedWorkflows":6,"totalWorkflows":7}
I/flutter (22645): B25_CAPTURE_PROGRESS {"emittedAt":"2026-07-03T01:30:05.140153Z","status":"workflow-complete","phase":"B14","workflowId":"mosque-care-request","communityName":"Masjid Nur","completedWorkflows":7,"totalWorkflows":7}
W/WindowOnBackDispatcher(22645): sendCancelIfRunning: isInProgress=false callback=io.flutter.embedding.android.FlutterActivity$1@767bf0d
D/FlutterJNI(22645): Sending viewport metrics to the engine.
I/flutter (22645): B25_CAPTURE_PROGRESS {"emittedAt":"2026-07-03T01:30:05.787907Z","status":"run-complete","completedWorkflows":7,"totalWorkflows":7}
I/flutter (22645): 00:42 +1: (tearDownAll)
I/flutter (22645): 00:43 +2: All tests passed!
All tests passed.

--- stderr ---
VMServiceFlutterDriver: Connecting to Flutter application at http://127.0.0.1:45137/4fDyFx4WH9U=/
VMServiceFlutterDriver: Isolate found with number: 4357002423385367
VMServiceFlutterDriver: Isolate 4357002423385367 is runnable.
VMServiceFlutterDriver: Isolate is paused at start.
VMServiceFlutterDriver: Attempting to resume isolate
VMServiceFlutterDriver: Connected to Flutter application.
VMServiceFlutterDriver: request_data message is taking a long time to complete...

--- B14 shard 4/4 ---
$ flutter drive --driver=test_driver/workflow_ui_evidence_test.dart --target=integration_test/workflow_ui_evidence_test.dart -d emulator-5554 --dart-define=LOOM_PRELOAD_EXAMPLE_COMMUNITIES=true --dart-define=LOOM_EVIDENCE_PHASE_FILTER=B14 --dart-define=LOOM_EVIDENCE_WORKFLOW_SHARD_COUNT=4 --dart-define=LOOM_EVIDENCE_WORKFLOW_SHARD_INDEX=3
exitCode=0

--- stdout ---
Resolving dependencies in `/mnt/c/Users/fahd_/OneDrive/Documents/Loom/app`...
Downloading packages...
  _fe_analyzer_shared 93.0.0 (104.0.0 available)
  analyzer 10.0.1 (14.0.0 available)
  cli_util 0.4.2 (0.5.1 available)
  code_assets 1.2.0 (1.2.1 available)
  dart_style 3.1.7 (3.1.9 available)
  drift 2.33.0 (2.34.0 available)
  drift_dev 2.33.0 (2.34.1+1 available)
  hooks 2.0.0 (2.0.2 available)
  image 4.8.0 (4.9.1 available)
  matcher 0.12.19 (0.12.20 available)
  melos 7.8.0 (8.0.0 available)
  meta 1.17.0 (1.18.3 available)
  mustache_template 2.0.4 (2.0.5 available)
  native_toolchain_c 0.19.1 (0.19.2 available)
  package_config 2.2.0 (3.0.0 available)
  path_provider 2.1.5 (2.1.6 available)
  path_provider_linux 2.2.1 (2.2.2 available)
  path_provider_platform_interface 2.1.2 (2.1.3 available)
  sqlite3 3.3.2 (3.3.3 available)
  sqlite3_flutter_libs 0.5.42 (0.6.0+eol available)
  sqlparser 0.44.4 (0.44.5 available)
  test 1.30.0 (1.31.2 available)
  test_api 0.7.10 (0.7.13 available)
  test_core 0.6.16 (0.6.19 available)
  url_launcher_android 6.3.30 (6.3.32 available)
  vector_math 2.2.0 (2.4.0 available)
  webview_flutter 4.13.1 (4.14.0 available)
  webview_flutter_android 4.12.0 (4.13.0 available)
  webview_flutter_wkwebview 3.25.1 (3.26.0 available)
  xml 6.6.1 (7.0.1 available)
Got dependencies in `/mnt/c/Users/fahd_/OneDrive/Documents/Loom/app`!
30 packages have newer versions incompatible with dependency constraints.
Try `flutter pub outdated` for more information.
Running Gradle task 'assembleDebug'...                             33.8s
✓ Built build/app/outputs/flutter-apk/app-debug.apk
Installing build/app/outputs/flutter-apk/app-debug.apk...          976ms
I/ommunities_demo(22811): Compiler allocated 5042KB to compile void android.view.ViewRootImpl.performTraversals()
D/WindowLayoutComponentImpl(22811): Register WindowLayoutInfoListener on Context=com.example.loom_communities_demo.MainActivity@c19b2fe, of which baseContext=android.app.ContextImpl@f3a8798
D/FlutterJNI(22811): Sending viewport metrics to the engine.
I/flutter (22811): 00:00 +0: wf_full-ui-screenshot-evidence-b12-b20
D/InsetsController(22811): hide(ime(), fromIme=false)
I/ImeTracker(22811): com.example.loom_communities_demo:4e360bfb: onCancelled at PHASE_CLIENT_ALREADY_HIDDEN
D/FlutterJNI(22811): Sending viewport metrics to the engine.
D/FlutterJNI(22811): Sending viewport metrics to the engine.
D/ProfileInstaller(22811): Installing profile for com.example.loom_communities_demo
I/flutter (22811): B25_CAPTURE_PROGRESS {"emittedAt":"2026-07-03T01:30:54.398999Z","status":"workflow-start","phase":"B14","workflowId":"book-discussion-message","communityName":"Neighborhood Book Club","completedWorkflows":0,"totalWorkflows":7}
I/flutter (22811): B25_CAPTURE_PROGRESS {"emittedAt":"2026-07-03T01:30:55.952903Z","status":"screenshot-start","phase":"B14","screenshotName":"B14_ext_book_club_book-discussion-message_start","completedWorkflows":0,"totalWorkflows":7}
I/flutter (22811): B25_CAPTURE_PROGRESS {"emittedAt":"2026-07-03T01:30:57.236334Z","status":"screenshot-start","phase":"B14","screenshotName":"B14_ext_book_club_book-discussion-message_action","completedWorkflows":0,"totalWorkflows":7}
I/flutter (22811): B25_CAPTURE_PROGRESS {"emittedAt":"2026-07-03T01:30:58.830480Z","status":"screenshot-start","phase":"B14","screenshotName":"B14_ext_book_club_book-discussion-message_complete","completedWorkflows":0,"totalWorkflows":7}
I/flutter (22811): B25_CAPTURE_PROGRESS {"emittedAt":"2026-07-03T01:30:58.949189Z","status":"workflow-complete","phase":"B14","workflowId":"book-discussion-message","communityName":"Neighborhood Book Club","completedWorkflows":1,"totalWorkflows":7}
W/WindowOnBackDispatcher(22811): sendCancelIfRunning: isInProgress=false callback=io.flutter.embedding.android.FlutterActivity$1@767bf0d
D/FlutterJNI(22811): Sending viewport metrics to the engine.
D/FlutterJNI(22811): Sending viewport metrics to the engine.
I/flutter (22811): B25_CAPTURE_PROGRESS {"emittedAt":"2026-07-03T01:31:00.740718Z","status":"workflow-start","phase":"B14","workflowId":"soccer-guardian-join-approval","communityName":"Riverside Youth Soccer","completedWorkflows":1,"totalWorkflows":7}
I/flutter (22811): B25_CAPTURE_PROGRESS {"emittedAt":"2026-07-03T01:31:02.238092Z","status":"screenshot-start","phase":"B14","screenshotName":"B14_ext_youth_soccer_soccer-guardian-join-approval_start","completedWorkflows":1,"totalWorkflows":7}
I/flutter (22811): B25_CAPTURE_PROGRESS {"emittedAt":"2026-07-03T01:31:03.319002Z","status":"screenshot-start","phase":"B14","screenshotName":"B14_ext_youth_soccer_soccer-guardian-join-approval_action","completedWorkflows":1,"totalWorkflows":7}
I/flutter (22811): B25_CAPTURE_PROGRESS {"emittedAt":"2026-07-03T01:31:04.929175Z","status":"screenshot-start","phase":"B14","screenshotName":"B14_ext_youth_soccer_soccer-guardian-join-approval_complete","completedWorkflows":1,"totalWorkflows":7}
I/flutter (22811): B25_CAPTURE_PROGRESS {"emittedAt":"2026-07-03T01:31:05.046355Z","status":"workflow-complete","phase":"B14","workflowId":"soccer-guardian-join-approval","communityName":"Riverside Youth Soccer","completedWorkflows":2,"totalWorkflows":7}
I/flutter (22811): B25_CAPTURE_PROGRESS {"emittedAt":"2026-07-03T01:31:05.046725Z","status":"workflow-start","phase":"B14","workflowId":"soccer-practice-schedule","communityName":"Riverside Youth Soccer","completedWorkflows":2,"totalWorkflows":7}
I/flutter (22811): B25_CAPTURE_PROGRESS {"emittedAt":"2026-07-03T01:31:06.403838Z","status":"screenshot-start","phase":"B14","screenshotName":"B14_ext_youth_soccer_soccer-practice-schedule_start","completedWorkflows":2,"totalWorkflows":7}
I/flutter (22811): B25_CAPTURE_PROGRESS {"emittedAt":"2026-07-03T01:31:07.486809Z","status":"screenshot-start","phase":"B14","screenshotName":"B14_ext_youth_soccer_soccer-practice-schedule_action","completedWorkflows":2,"totalWorkflows":7}
I/flutter (22811): B25_CAPTURE_PROGRESS {"emittedAt":"2026-07-03T01:31:08.942906Z","status":"screenshot-start","phase":"B14","screenshotName":"B14_ext_youth_soccer_soccer-practice-schedule_complete","completedWorkflows":2,"totalWorkflows":7}
I/flutter (22811): B25_CAPTURE_PROGRESS {"emittedAt":"2026-07-03T01:31:09.066216Z","status":"workflow-complete","phase":"B14","workflowId":"soccer-practice-schedule","communityName":"Riverside Youth Soccer","completedWorkflows":3,"totalWorkflows":7}
W/WindowOnBackDispatcher(22811): sendCancelIfRunning: isInProgress=false callback=io.flutter.embedding.android.FlutterActivity$1@767bf0d
D/FlutterJNI(22811): Sending viewport metrics to the engine.
D/FlutterJNI(22811): Sending viewport metrics to the engine.
I/flutter (22811): B25_CAPTURE_PROGRESS {"emittedAt":"2026-07-03T01:31:10.920982Z","status":"workflow-start","phase":"B14","workflowId":"hoa-member-document","communityName":"Cedar Commons HOA","completedWorkflows":3,"totalWorkflows":7}
I/flutter (22811): B25_CAPTURE_PROGRESS {"emittedAt":"2026-07-03T01:31:12.386069Z","status":"screenshot-start","phase":"B14","screenshotName":"B14_ext_hoa_hoa-member-document_start","completedWorkflows":3,"totalWorkflows":7}
I/flutter (22811): B25_CAPTURE_PROGRESS {"emittedAt":"2026-07-03T01:31:13.568892Z","status":"screenshot-start","phase":"B14","screenshotName":"B14_ext_hoa_hoa-member-document_action","completedWorkflows":3,"totalWorkflows":7}
I/flutter (22811): B25_CAPTURE_PROGRESS {"emittedAt":"2026-07-03T01:31:15.173005Z","status":"screenshot-start","phase":"B14","screenshotName":"B14_ext_hoa_hoa-member-document_complete","completedWorkflows":3,"totalWorkflows":7}
I/flutter (22811): B25_CAPTURE_PROGRESS {"emittedAt":"2026-07-03T01:31:15.299487Z","status":"workflow-complete","phase":"B14","workflowId":"hoa-member-document","communityName":"Cedar Commons HOA","completedWorkflows":4,"totalWorkflows":7}
I/flutter (22811): B25_CAPTURE_PROGRESS {"emittedAt":"2026-07-03T01:31:15.299822Z","status":"workflow-start","phase":"B14","workflowId":"hoa-owner-notification","communityName":"Cedar Commons HOA","completedWorkflows":4,"totalWorkflows":7}
I/flutter (22811): B25_CAPTURE_PROGRESS {"emittedAt":"2026-07-03T01:31:24.386983Z","status":"screenshot-start","phase":"B14","screenshotName":"B14_ext_hoa_hoa-owner-notification_start","completedWorkflows":4,"totalWorkflows":7}
I/ommunities_demo(22811): NativeAlloc concurrent mark compact GC freed 961KB AllocSpace bytes, 8(1228KB) LOS objects, 49% free, 2544KB/5088KB, paused 91us,15.270ms total 31.309ms
I/flutter (22811): B25_CAPTURE_PROGRESS {"emittedAt":"2026-07-03T01:31:25.785565Z","status":"screenshot-start","phase":"B14","screenshotName":"B14_ext_hoa_hoa-owner-notification_action","completedWorkflows":4,"totalWorkflows":7}
I/flutter (22811): B25_CAPTURE_PROGRESS {"emittedAt":"2026-07-03T01:31:27.374770Z","status":"screenshot-start","phase":"B14","screenshotName":"B14_ext_hoa_hoa-owner-notification_complete","completedWorkflows":4,"totalWorkflows":7}
I/flutter (22811): B25_CAPTURE_PROGRESS {"emittedAt":"2026-07-03T01:31:27.501190Z","status":"workflow-complete","phase":"B14","workflowId":"hoa-owner-notification","communityName":"Cedar Commons HOA","completedWorkflows":5,"totalWorkflows":7}
W/WindowOnBackDispatcher(22811): sendCancelIfRunning: isInProgress=false callback=io.flutter.embedding.android.FlutterActivity$1@767bf0d
D/FlutterJNI(22811): Sending viewport metrics to the engine.
D/FlutterJNI(22811): Sending viewport metrics to the engine.
I/flutter (22811): B25_CAPTURE_PROGRESS {"emittedAt":"2026-07-03T01:31:29.303499Z","status":"workflow-start","phase":"B14","workflowId":"mosque-volunteer-signup","communityName":"Masjid Nur","completedWorkflows":5,"totalWorkflows":7}
I/flutter (22811): B25_CAPTURE_PROGRESS {"emittedAt":"2026-07-03T01:31:30.769136Z","status":"screenshot-start","phase":"B14","screenshotName":"B14_ext_mosque_mosque-volunteer-signup_start","completedWorkflows":5,"totalWorkflows":7}
I/flutter (22811): B25_CAPTURE_PROGRESS {"emittedAt":"2026-07-03T01:31:31.969004Z","status":"screenshot-start","phase":"B14","screenshotName":"B14_ext_mosque_mosque-volunteer-signup_action","completedWorkflows":5,"totalWorkflows":7}
I/flutter (22811): B25_CAPTURE_PROGRESS {"emittedAt":"2026-07-03T01:31:33.561986Z","status":"screenshot-start","phase":"B14","screenshotName":"B14_ext_mosque_mosque-volunteer-signup_complete","completedWorkflows":5,"totalWorkflows":7}
I/flutter (22811): B25_CAPTURE_PROGRESS {"emittedAt":"2026-07-03T01:31:33.682023Z","status":"workflow-complete","phase":"B14","workflowId":"mosque-volunteer-signup","communityName":"Masjid Nur","completedWorkflows":6,"totalWorkflows":7}
I/flutter (22811): B25_CAPTURE_PROGRESS {"emittedAt":"2026-07-03T01:31:33.682339Z","status":"workflow-start","phase":"B14","workflowId":"mosque-neutral-notification","communityName":"Masjid Nur","completedWorkflows":6,"totalWorkflows":7}
I/flutter (22811): B25_CAPTURE_PROGRESS {"emittedAt":"2026-07-03T01:31:38.903046Z","status":"screenshot-start","phase":"B14","screenshotName":"B14_ext_mosque_mosque-neutral-notification_start","completedWorkflows":6,"totalWorkflows":7}
I/flutter (22811): B25_CAPTURE_PROGRESS {"emittedAt":"2026-07-03T01:31:40.123018Z","status":"screenshot-start","phase":"B14","screenshotName":"B14_ext_mosque_mosque-neutral-notification_action","completedWorkflows":6,"totalWorkflows":7}
I/flutter (22811): B25_CAPTURE_PROGRESS {"emittedAt":"2026-07-03T01:31:41.590789Z","status":"screenshot-start","phase":"B14","screenshotName":"B14_ext_mosque_mosque-neutral-notification_complete","completedWorkflows":6,"totalWorkflows":7}
I/flutter (22811): B25_CAPTURE_PROGRESS {"emittedAt":"2026-07-03T01:31:41.717542Z","status":"workflow-complete","phase":"B14","workflowId":"mosque-neutral-notification","communityName":"Masjid Nur","completedWorkflows":7,"totalWorkflows":7}
W/WindowOnBackDispatcher(22811): sendCancelIfRunning: isInProgress=false callback=io.flutter.embedding.android.FlutterActivity$1@767bf0d
D/FlutterJNI(22811): Sending viewport metrics to the engine.
I/flutter (22811): B25_CAPTURE_PROGRESS {"emittedAt":"2026-07-03T01:31:42.353741Z","status":"run-complete","completedWorkflows":7,"totalWorkflows":7}
I/flutter (22811): 00:51 +1: (tearDownAll)
I/flutter (22811): 00:51 +2: All tests passed!
All tests passed.

--- stderr ---
VMServiceFlutterDriver: Connecting to Flutter application at http://127.0.0.1:33469/SMTXDeH31kE=/
VMServiceFlutterDriver: Isolate found with number: 8311495318474347
VMServiceFlutterDriver: Isolate 8311495318474347 is runnable.
VMServiceFlutterDriver: Isolate is paused at start.
VMServiceFlutterDriver: Attempting to resume isolate
VMServiceFlutterDriver: Connected to Flutter application.
VMServiceFlutterDriver: request_data message is taking a long time to complete...

--- B15 shard 1/1 ---
$ flutter drive --driver=test_driver/workflow_ui_evidence_test.dart --target=integration_test/workflow_ui_evidence_test.dart -d emulator-5554 --dart-define=LOOM_PRELOAD_EXAMPLE_COMMUNITIES=true --dart-define=LOOM_EVIDENCE_PHASE_FILTER=B15
exitCode=0

--- stdout ---
Resolving dependencies in `/mnt/c/Users/fahd_/OneDrive/Documents/Loom/app`...
Downloading packages...
  _fe_analyzer_shared 93.0.0 (104.0.0 available)
  analyzer 10.0.1 (14.0.0 available)
  cli_util 0.4.2 (0.5.1 available)
  code_assets 1.2.0 (1.2.1 available)
  dart_style 3.1.7 (3.1.9 available)
  drift 2.33.0 (2.34.0 available)
  drift_dev 2.33.0 (2.34.1+1 available)
  hooks 2.0.0 (2.0.2 available)
  image 4.8.0 (4.9.1 available)
  matcher 0.12.19 (0.12.20 available)
  melos 7.8.0 (8.0.0 available)
  meta 1.17.0 (1.18.3 available)
  mustache_template 2.0.4 (2.0.5 available)
  native_toolchain_c 0.19.1 (0.19.2 available)
  package_config 2.2.0 (3.0.0 available)
  path_provider 2.1.5 (2.1.6 available)
  path_provider_linux 2.2.1 (2.2.2 available)
  path_provider_platform_interface 2.1.2 (2.1.3 available)
  sqlite3 3.3.2 (3.3.3 available)
  sqlite3_flutter_libs 0.5.42 (0.6.0+eol available)
  sqlparser 0.44.4 (0.44.5 available)
  test 1.30.0 (1.31.2 available)
  test_api 0.7.10 (0.7.13 available)
  test_core 0.6.16 (0.6.19 available)
  url_launcher_android 6.3.30 (6.3.32 available)
  vector_math 2.2.0 (2.4.0 available)
  webview_flutter 4.13.1 (4.14.0 available)
  webview_flutter_android 4.12.0 (4.13.0 available)
  webview_flutter_wkwebview 3.25.1 (3.26.0 available)
  xml 6.6.1 (7.0.1 available)
Got dependencies in `/mnt/c/Users/fahd_/OneDrive/Documents/Loom/app`!
30 packages have newer versions incompatible with dependency constraints.
Try `flutter pub outdated` for more information.
Running Gradle task 'assembleDebug'...                             33.0s
✓ Built build/app/outputs/flutter-apk/app-debug.apk
Installing build/app/outputs/flutter-apk/app-debug.apk...          998ms
D/FlutterJNI(22963): Sending viewport metrics to the engine.
D/WindowLayoutComponentImpl(22963): Register WindowLayoutInfoListener on Context=com.example.loom_communities_demo.MainActivity@c19b2fe, of which baseContext=android.app.ContextImpl@f3a8798
D/FlutterJNI(22963): Sending viewport metrics to the engine.
I/flutter (22963): 00:00 +0: wf_full-ui-screenshot-evidence-b12-b20
D/InsetsController(22963): hide(ime(), fromIme=false)
I/ImeTracker(22963): com.example.loom_communities_demo:54d25cf6: onCancelled at PHASE_CLIENT_ALREADY_HIDDEN
D/FlutterJNI(22963): Sending viewport metrics to the engine.
D/FlutterJNI(22963): Sending viewport metrics to the engine.
D/ProfileInstaller(22963): Installing profile for com.example.loom_communities_demo
I/flutter (22963): B25_CAPTURE_PROGRESS {"emittedAt":"2026-07-03T01:32:30.037688Z","status":"workflow-start","phase":"B15","workflowId":"chess-local-install-open","communityName":"Chess Club","completedWorkflows":0,"totalWorkflows":6}
I/flutter (22963): B25_CAPTURE_PROGRESS {"emittedAt":"2026-07-03T01:32:31.520290Z","status":"screenshot-start","phase":"B15","screenshotName":"B15_ext_chess_club_chess-local-install-open_start","completedWorkflows":0,"totalWorkflows":6}
I/flutter (22963): B25_CAPTURE_PROGRESS {"emittedAt":"2026-07-03T01:32:32.736215Z","status":"screenshot-start","phase":"B15","screenshotName":"B15_ext_chess_club_chess-local-install-open_action","completedWorkflows":0,"totalWorkflows":6}
I/flutter (22963): B25_CAPTURE_PROGRESS {"emittedAt":"2026-07-03T01:32:34.200277Z","status":"screenshot-start","phase":"B15","screenshotName":"B15_ext_chess_club_chess-local-install-open_complete","completedWorkflows":0,"totalWorkflows":6}
I/flutter (22963): B25_CAPTURE_PROGRESS {"emittedAt":"2026-07-03T01:32:34.332975Z","status":"workflow-complete","phase":"B15","workflowId":"chess-local-install-open","communityName":"Chess Club","completedWorkflows":1,"totalWorkflows":6}
I/flutter (22963): B25_CAPTURE_PROGRESS {"emittedAt":"2026-07-03T01:32:34.333353Z","status":"workflow-start","phase":"B15","workflowId":"chess-route-home","communityName":"Chess Club","completedWorkflows":1,"totalWorkflows":6}
I/flutter (22963): B25_CAPTURE_PROGRESS {"emittedAt":"2026-07-03T01:32:35.686491Z","status":"screenshot-start","phase":"B15","screenshotName":"B15_ext_chess_club_chess-route-home_start","completedWorkflows":1,"totalWorkflows":6}
I/flutter (22963): B25_CAPTURE_PROGRESS {"emittedAt":"2026-07-03T01:32:36.785449Z","status":"screenshot-start","phase":"B15","screenshotName":"B15_ext_chess_club_chess-route-home_action","completedWorkflows":1,"totalWorkflows":6}
I/flutter (22963): B25_CAPTURE_PROGRESS {"emittedAt":"2026-07-03T01:32:38.259940Z","status":"screenshot-start","phase":"B15","screenshotName":"B15_ext_chess_club_chess-route-home_complete","completedWorkflows":1,"totalWorkflows":6}
I/flutter (22963): B25_CAPTURE_PROGRESS {"emittedAt":"2026-07-03T01:32:38.381597Z","status":"workflow-complete","phase":"B15","workflowId":"chess-route-home","communityName":"Chess Club","completedWorkflows":2,"totalWorkflows":6}
I/flutter (22963): B25_CAPTURE_PROGRESS {"emittedAt":"2026-07-03T01:32:38.381956Z","status":"workflow-start","phase":"B15","workflowId":"chess-match-result","communityName":"Chess Club","completedWorkflows":2,"totalWorkflows":6}
I/flutter (22963): B25_CAPTURE_PROGRESS {"emittedAt":"2026-07-03T01:32:39.719976Z","status":"screenshot-start","phase":"B15","screenshotName":"B15_ext_chess_club_chess-match-result_start","completedWorkflows":2,"totalWorkflows":6}
I/flutter (22963): B25_CAPTURE_PROGRESS {"emittedAt":"2026-07-03T01:32:40.803272Z","status":"screenshot-start","phase":"B15","screenshotName":"B15_ext_chess_club_chess-match-result_action","completedWorkflows":2,"totalWorkflows":6}
I/flutter (22963): B25_CAPTURE_PROGRESS {"emittedAt":"2026-07-03T01:32:42.276429Z","status":"screenshot-start","phase":"B15","screenshotName":"B15_ext_chess_club_chess-match-result_complete","completedWorkflows":2,"totalWorkflows":6}
I/flutter (22963): B25_CAPTURE_PROGRESS {"emittedAt":"2026-07-03T01:32:42.396255Z","status":"workflow-complete","phase":"B15","workflowId":"chess-match-result","communityName":"Chess Club","completedWorkflows":3,"totalWorkflows":6}
W/WindowOnBackDispatcher(22963): sendCancelIfRunning: isInProgress=false callback=io.flutter.embedding.android.FlutterActivity$1@c5e3f09
D/FlutterJNI(22963): Sending viewport metrics to the engine.
D/FlutterJNI(22963): Sending viewport metrics to the engine.
I/flutter (22963): B25_CAPTURE_PROGRESS {"emittedAt":"2026-07-03T01:32:44.036803Z","status":"workflow-start","phase":"B15","workflowId":"photo-walk-rsvp","communityName":"Camera Club","completedWorkflows":3,"totalWorkflows":6}
I/flutter (22963): B25_CAPTURE_PROGRESS {"emittedAt":"2026-07-03T01:32:45.469832Z","status":"screenshot-start","phase":"B15","screenshotName":"B15_ext_camera_club_photo-walk-rsvp_start","completedWorkflows":3,"totalWorkflows":6}
I/flutter (22963): B25_CAPTURE_PROGRESS {"emittedAt":"2026-07-03T01:32:46.585562Z","status":"screenshot-start","phase":"B15","screenshotName":"B15_ext_camera_club_photo-walk-rsvp_action","completedWorkflows":3,"totalWorkflows":6}
I/flutter (22963): B25_CAPTURE_PROGRESS {"emittedAt":"2026-07-03T01:32:48.042219Z","status":"screenshot-start","phase":"B15","screenshotName":"B15_ext_camera_club_photo-walk-rsvp_complete","completedWorkflows":3,"totalWorkflows":6}
I/flutter (22963): B25_CAPTURE_PROGRESS {"emittedAt":"2026-07-03T01:32:48.167827Z","status":"workflow-complete","phase":"B15","workflowId":"photo-walk-rsvp","communityName":"Camera Club","completedWorkflows":4,"totalWorkflows":6}
I/flutter (22963): B25_CAPTURE_PROGRESS {"emittedAt":"2026-07-03T01:32:48.168831Z","status":"workflow-start","phase":"B15","workflowId":"critique-submission","communityName":"Camera Club","completedWorkflows":4,"totalWorkflows":6}
I/flutter (22963): B25_CAPTURE_PROGRESS {"emittedAt":"2026-07-03T01:32:49.502683Z","status":"screenshot-start","phase":"B15","screenshotName":"B15_ext_camera_club_critique-submission_start","completedWorkflows":4,"totalWorkflows":6}
I/flutter (22963): B25_CAPTURE_PROGRESS {"emittedAt":"2026-07-03T01:32:50.603812Z","status":"screenshot-start","phase":"B15","screenshotName":"B15_ext_camera_club_critique-submission_action","completedWorkflows":4,"totalWorkflows":6}
I/flutter (22963): B25_CAPTURE_PROGRESS {"emittedAt":"2026-07-03T01:32:52.040815Z","status":"screenshot-start","phase":"B15","screenshotName":"B15_ext_camera_club_critique-submission_complete","completedWorkflows":4,"totalWorkflows":6}
I/flutter (22963): B25_CAPTURE_PROGRESS {"emittedAt":"2026-07-03T01:32:52.169534Z","status":"workflow-complete","phase":"B15","workflowId":"critique-submission","communityName":"Camera Club","completedWorkflows":5,"totalWorkflows":6}
I/flutter (22963): B25_CAPTURE_PROGRESS {"emittedAt":"2026-07-03T01:32:52.170607Z","status":"workflow-start","phase":"B15","workflowId":"gear-loan-request","communityName":"Camera Club","completedWorkflows":5,"totalWorkflows":6}
I/flutter (22963): B25_CAPTURE_PROGRESS {"emittedAt":"2026-07-03T01:32:53.339118Z","status":"screenshot-start","phase":"B15","screenshotName":"B15_ext_camera_club_gear-loan-request_start","completedWorkflows":5,"totalWorkflows":6}
I/flutter (22963): B25_CAPTURE_PROGRESS {"emittedAt":"2026-07-03T01:32:54.518700Z","status":"screenshot-start","phase":"B15","screenshotName":"B15_ext_camera_club_gear-loan-request_action","completedWorkflows":5,"totalWorkflows":6}
I/flutter (22963): B25_CAPTURE_PROGRESS {"emittedAt":"2026-07-03T01:32:55.957509Z","status":"screenshot-start","phase":"B15","screenshotName":"B15_ext_camera_club_gear-loan-request_complete","completedWorkflows":5,"totalWorkflows":6}
I/flutter (22963): B25_CAPTURE_PROGRESS {"emittedAt":"2026-07-03T01:32:56.084397Z","status":"workflow-complete","phase":"B15","workflowId":"gear-loan-request","communityName":"Camera Club","completedWorkflows":6,"totalWorkflows":6}
W/WindowOnBackDispatcher(22963): sendCancelIfRunning: isInProgress=false callback=io.flutter.embedding.android.FlutterActivity$1@c5e3f09
D/FlutterJNI(22963): Sending viewport metrics to the engine.
I/flutter (22963): B25_CAPTURE_PROGRESS {"emittedAt":"2026-07-03T01:32:56.703501Z","status":"run-complete","completedWorkflows":6,"totalWorkflows":6}
I/flutter (22963): 00:29 +1: (tearDownAll)
I/flutter (22963): 00:30 +2: All tests passed!
All tests passed.

--- stderr ---
VMServiceFlutterDriver: Connecting to Flutter application at http://127.0.0.1:43909/VTvFZl0XBuU=/
VMServiceFlutterDriver: Isolate found with number: 3758239658168659
VMServiceFlutterDriver: Isolate 3758239658168659 is runnable.
VMServiceFlutterDriver: Isolate is paused at start.
VMServiceFlutterDriver: Attempting to resume isolate
VMServiceFlutterDriver: Connected to Flutter application.
VMServiceFlutterDriver: request_data message is taking a long time to complete...

--- B16 shard 1/3 ---
$ flutter drive --driver=test_driver/workflow_ui_evidence_test.dart --target=integration_test/workflow_ui_evidence_test.dart -d emulator-5554 --dart-define=LOOM_PRELOAD_EXAMPLE_COMMUNITIES=true --dart-define=LOOM_EVIDENCE_PHASE_FILTER=B16 --dart-define=LOOM_EVIDENCE_WORKFLOW_SHARD_COUNT=3 --dart-define=LOOM_EVIDENCE_WORKFLOW_SHARD_INDEX=0
exitCode=0

--- stdout ---
Resolving dependencies in `/mnt/c/Users/fahd_/OneDrive/Documents/Loom/app`...
Downloading packages...
  _fe_analyzer_shared 93.0.0 (104.0.0 available)
  analyzer 10.0.1 (14.0.0 available)
  cli_util 0.4.2 (0.5.1 available)
  code_assets 1.2.0 (1.2.1 available)
  dart_style 3.1.7 (3.1.9 available)
  drift 2.33.0 (2.34.0 available)
  drift_dev 2.33.0 (2.34.1+1 available)
  hooks 2.0.0 (2.0.2 available)
  image 4.8.0 (4.9.1 available)
  matcher 0.12.19 (0.12.20 available)
  melos 7.8.0 (8.0.0 available)
  meta 1.17.0 (1.18.3 available)
  mustache_template 2.0.4 (2.0.5 available)
  native_toolchain_c 0.19.1 (0.19.2 available)
  package_config 2.2.0 (3.0.0 available)
  path_provider 2.1.5 (2.1.6 available)
  path_provider_linux 2.2.1 (2.2.2 available)
  path_provider_platform_interface 2.1.2 (2.1.3 available)
  sqlite3 3.3.2 (3.3.3 available)
  sqlite3_flutter_libs 0.5.42 (0.6.0+eol available)
  sqlparser 0.44.4 (0.44.5 available)
  test 1.30.0 (1.31.2 available)
  test_api 0.7.10 (0.7.13 available)
  test_core 0.6.16 (0.6.19 available)
  url_launcher_android 6.3.30 (6.3.32 available)
  vector_math 2.2.0 (2.4.0 available)
  webview_flutter 4.13.1 (4.14.0 available)
  webview_flutter_android 4.12.0 (4.13.0 available)
  webview_flutter_wkwebview 3.25.1 (3.26.0 available)
  xml 6.6.1 (7.0.1 available)
Got dependencies in `/mnt/c/Users/fahd_/OneDrive/Documents/Loom/app`!
30 packages have newer versions incompatible with dependency constraints.
Try `flutter pub outdated` for more information.
Running Gradle task 'assembleDebug'...                             31.9s
✓ Built build/app/outputs/flutter-apk/app-debug.apk
Installing build/app/outputs/flutter-apk/app-debug.apk...          897ms
D/WindowLayoutComponentImpl(23146): Register WindowLayoutInfoListener on Context=com.example.loom_communities_demo.MainActivity@cf4cac, of which baseContext=android.app.ContextImpl@69f23d6
D/FlutterJNI(23146): Sending viewport metrics to the engine.
I/flutter (23146): 00:00 +0: wf_full-ui-screenshot-evidence-b12-b20
D/FlutterJNI(23146): Sending viewport metrics to the engine.
D/InsetsController(23146): hide(ime(), fromIme=false)
I/ImeTracker(23146): com.example.loom_communities_demo:f05ef405: onCancelled at PHASE_CLIENT_ALREADY_HIDDEN
D/ProfileInstaller(23146): Installing profile for com.example.loom_communities_demo
D/FlutterJNI(23146): Sending viewport metrics to the engine.
I/flutter (23146): B25_CAPTURE_PROGRESS {"emittedAt":"2026-07-03T01:34:01.627566Z","status":"workflow-start","phase":"B16","workflowId":"platform-messages-entry","communityName":"Member Social Space","completedWorkflows":0,"totalWorkflows":8}
I/flutter (23146): B25_CAPTURE_PROGRESS {"emittedAt":"2026-07-03T01:34:03.126635Z","status":"screenshot-start","phase":"B16","screenshotName":"B16_ext_platform_social_platform-messages-entry_start","completedWorkflows":0,"totalWorkflows":8}
I/flutter (23146): B25_CAPTURE_PROGRESS {"emittedAt":"2026-07-03T01:34:04.468547Z","status":"screenshot-start","phase":"B16","screenshotName":"B16_ext_platform_social_platform-messages-entry_action","completedWorkflows":0,"totalWorkflows":8}
I/flutter (23146): B25_CAPTURE_PROGRESS {"emittedAt":"2026-07-03T01:34:06.627172Z","status":"screenshot-start","phase":"B16","screenshotName":"B16_ext_platform_social_platform-messages-entry_complete","completedWorkflows":0,"totalWorkflows":8}
I/flutter (23146): B25_CAPTURE_PROGRESS {"emittedAt":"2026-07-03T01:34:06.748850Z","status":"workflow-complete","phase":"B16","workflowId":"platform-messages-entry","communityName":"Member Social Space","completedWorkflows":1,"totalWorkflows":8}
I/flutter (23146): B25_CAPTURE_PROGRESS {"emittedAt":"2026-07-03T01:34:06.749241Z","status":"workflow-start","phase":"B16","workflowId":"platform-blocked-target","communityName":"Member Social Space","completedWorkflows":1,"totalWorkflows":8}
I/flutter (23146): B25_CAPTURE_PROGRESS {"emittedAt":"2026-07-03T01:34:07.990934Z","status":"screenshot-start","phase":"B16","screenshotName":"B16_ext_platform_social_platform-blocked-target_start","completedWorkflows":1,"totalWorkflows":8}
I/flutter (23146): B25_CAPTURE_PROGRESS {"emittedAt":"2026-07-03T01:34:09.073701Z","status":"screenshot-start","phase":"B16","screenshotName":"B16_ext_platform_social_platform-blocked-target_action","completedWorkflows":1,"totalWorkflows":8}
I/flutter (23146): B25_CAPTURE_PROGRESS {"emittedAt":"2026-07-03T01:34:10.693889Z","status":"screenshot-start","phase":"B16","screenshotName":"B16_ext_platform_social_platform-blocked-target_complete","completedWorkflows":1,"totalWorkflows":8}
I/flutter (23146): B25_CAPTURE_PROGRESS {"emittedAt":"2026-07-03T01:34:10.817254Z","status":"workflow-complete","phase":"B16","workflowId":"platform-blocked-target","communityName":"Member Social Space","completedWorkflows":2,"totalWorkflows":8}
I/flutter (23146): B25_CAPTURE_PROGRESS {"emittedAt":"2026-07-03T01:34:10.818310Z","status":"workflow-start","phase":"B16","workflowId":"platform-top-banner-no-fill","communityName":"Member Social Space","completedWorkflows":2,"totalWorkflows":8}
I/flutter (23146): B25_CAPTURE_PROGRESS {"emittedAt":"2026-07-03T01:34:12.170905Z","status":"screenshot-start","phase":"B16","screenshotName":"B16_ext_platform_social_platform-top-banner-no-fill_start","completedWorkflows":2,"totalWorkflows":8}
I/flutter (23146): B25_CAPTURE_PROGRESS {"emittedAt":"2026-07-03T01:34:13.587087Z","status":"screenshot-start","phase":"B16","screenshotName":"B16_ext_platform_social_platform-top-banner-no-fill_action","completedWorkflows":2,"totalWorkflows":8}
I/flutter (23146): B25_CAPTURE_PROGRESS {"emittedAt":"2026-07-03T01:34:15.042565Z","status":"screenshot-start","phase":"B16","screenshotName":"B16_ext_platform_social_platform-top-banner-no-fill_complete","completedWorkflows":2,"totalWorkflows":8}
I/flutter (23146): B25_CAPTURE_PROGRESS {"emittedAt":"2026-07-03T01:34:15.171161Z","status":"workflow-complete","phase":"B16","workflowId":"platform-top-banner-no-fill","communityName":"Member Social Space","completedWorkflows":3,"totalWorkflows":8}
W/WindowOnBackDispatcher(23146): sendCancelIfRunning: isInProgress=false callback=io.flutter.embedding.android.FlutterActivity$1@983241a
D/FlutterJNI(23146): Sending viewport metrics to the engine.
D/FlutterJNI(23146): Sending viewport metrics to the engine.
I/flutter (23146): B25_CAPTURE_PROGRESS {"emittedAt":"2026-07-03T01:34:16.905636Z","status":"workflow-start","phase":"B16","workflowId":"ad-off-community-checkout","communityName":"Ad-Free Community","completedWorkflows":3,"totalWorkflows":8}
I/flutter (23146): B25_CAPTURE_PROGRESS {"emittedAt":"2026-07-03T01:34:18.387313Z","status":"screenshot-start","phase":"B16","screenshotName":"B16_ext_ad_off_ad-off-community-checkout_start","completedWorkflows":3,"totalWorkflows":8}
I/flutter (23146): B25_CAPTURE_PROGRESS {"emittedAt":"2026-07-03T01:34:19.654197Z","status":"screenshot-start","phase":"B16","screenshotName":"B16_ext_ad_off_ad-off-community-checkout_action","completedWorkflows":3,"totalWorkflows":8}
I/ommunities_demo(23146): Waiting for a blocking GC ProfileSaver
I/ommunities_demo(23146): WaitForGcToComplete blocked ProfileSaver on NativeAlloc for 5.223ms
I/flutter (23146): B25_CAPTURE_PROGRESS {"emittedAt":"2026-07-03T01:34:21.138687Z","status":"screenshot-start","phase":"B16","screenshotName":"B16_ext_ad_off_ad-off-community-checkout_complete","completedWorkflows":3,"totalWorkflows":8}
I/flutter (23146): B25_CAPTURE_PROGRESS {"emittedAt":"2026-07-03T01:34:21.265709Z","status":"workflow-complete","phase":"B16","workflowId":"ad-off-community-checkout","communityName":"Ad-Free Community","completedWorkflows":4,"totalWorkflows":8}
I/flutter (23146): B25_CAPTURE_PROGRESS {"emittedAt":"2026-07-03T01:34:21.266138Z","status":"workflow-start","phase":"B16","workflowId":"ad-off-ad-suppression","communityName":"Ad-Free Community","completedWorkflows":4,"totalWorkflows":8}
I/flutter (23146): B25_CAPTURE_PROGRESS {"emittedAt":"2026-07-03T01:34:22.602985Z","status":"screenshot-start","phase":"B16","screenshotName":"B16_ext_ad_off_ad-off-ad-suppression_start","completedWorkflows":4,"totalWorkflows":8}
I/flutter (23146): B25_CAPTURE_PROGRESS {"emittedAt":"2026-07-03T01:34:23.686266Z","status":"screenshot-start","phase":"B16","screenshotName":"B16_ext_ad_off_ad-off-ad-suppression_action","completedWorkflows":4,"totalWorkflows":8}
I/flutter (23146): B25_CAPTURE_PROGRESS {"emittedAt":"2026-07-03T01:34:25.134864Z","status":"screenshot-start","phase":"B16","screenshotName":"B16_ext_ad_off_ad-off-ad-suppression_complete","completedWorkflows":4,"totalWorkflows":8}
I/flutter (23146): B25_CAPTURE_PROGRESS {"emittedAt":"2026-07-03T01:34:25.266833Z","status":"workflow-complete","phase":"B16","workflowId":"ad-off-ad-suppression","communityName":"Ad-Free Community","completedWorkflows":5,"totalWorkflows":8}
W/WindowOnBackDispatcher(23146): sendCancelIfRunning: isInProgress=false callback=io.flutter.embedding.android.FlutterActivity$1@983241a
D/FlutterJNI(23146): Sending viewport metrics to the engine.
D/FlutterJNI(23146): Sending viewport metrics to the engine.
I/flutter (23146): B25_CAPTURE_PROGRESS {"emittedAt":"2026-07-03T01:34:26.771897Z","status":"workflow-start","phase":"B16","workflowId":"export-import-replay","communityName":"Data Portability Community","completedWorkflows":5,"totalWorkflows":8}
I/flutter (23146): B25_CAPTURE_PROGRESS {"emittedAt":"2026-07-03T01:34:28.237679Z","status":"screenshot-start","phase":"B16","screenshotName":"B16_ext_export_migration_export-import-replay_start","completedWorkflows":5,"totalWorkflows":8}
I/flutter (23146): B25_CAPTURE_PROGRESS {"emittedAt":"2026-07-03T01:34:29.470353Z","status":"screenshot-start","phase":"B16","screenshotName":"B16_ext_export_migration_export-import-replay_action","completedWorkflows":5,"totalWorkflows":8}
I/flutter (23146): B25_CAPTURE_PROGRESS {"emittedAt":"2026-07-03T01:34:30.911161Z","status":"screenshot-start","phase":"B16","screenshotName":"B16_ext_export_migration_export-import-replay_complete","completedWorkflows":5,"totalWorkflows":8}
I/flutter (23146): B25_CAPTURE_PROGRESS {"emittedAt":"2026-07-03T01:34:31.034308Z","status":"workflow-complete","phase":"B16","workflowId":"export-import-replay","communityName":"Data Portability Community","completedWorkflows":6,"totalWorkflows":8}
I/flutter (23146): B25_CAPTURE_PROGRESS {"emittedAt":"2026-07-03T01:34:31.034632Z","status":"workflow-start","phase":"B16","workflowId":"export-full-bundle","communityName":"Data Portability Community","completedWorkflows":6,"totalWorkflows":8}
I/flutter (23146): B25_CAPTURE_PROGRESS {"emittedAt":"2026-07-03T01:34:32.371593Z","status":"screenshot-start","phase":"B16","screenshotName":"B16_ext_export_migration_export-full-bundle_start","completedWorkflows":6,"totalWorkflows":8}
I/flutter (23146): B25_CAPTURE_PROGRESS {"emittedAt":"2026-07-03T01:34:33.601796Z","status":"screenshot-start","phase":"B16","screenshotName":"B16_ext_export_migration_export-full-bundle_action","completedWorkflows":6,"totalWorkflows":8}
I/flutter (23146): B25_CAPTURE_PROGRESS {"emittedAt":"2026-07-03T01:34:35.062256Z","status":"screenshot-start","phase":"B16","screenshotName":"B16_ext_export_migration_export-full-bundle_complete","completedWorkflows":6,"totalWorkflows":8}
I/flutter (23146): B25_CAPTURE_PROGRESS {"emittedAt":"2026-07-03T01:34:35.199013Z","status":"workflow-complete","phase":"B16","workflowId":"export-full-bundle","communityName":"Data Portability Community","completedWorkflows":7,"totalWorkflows":8}
I/flutter (23146): B25_CAPTURE_PROGRESS {"emittedAt":"2026-07-03T01:34:35.199462Z","status":"workflow-start","phase":"B16","workflowId":"export-transfer-verification","communityName":"Data Portability Community","completedWorkflows":7,"totalWorkflows":8}
I/flutter (23146): B25_CAPTURE_PROGRESS {"emittedAt":"2026-07-03T01:34:36.555377Z","status":"screenshot-start","phase":"B16","screenshotName":"B16_ext_export_migration_export-transfer-verification_start","completedWorkflows":7,"totalWorkflows":8}
I/flutter (23146): B25_CAPTURE_PROGRESS {"emittedAt":"2026-07-03T01:34:37.671655Z","status":"screenshot-start","phase":"B16","screenshotName":"B16_ext_export_migration_export-transfer-verification_action","completedWorkflows":7,"totalWorkflows":8}
I/flutter (23146): B25_CAPTURE_PROGRESS {"emittedAt":"2026-07-03T01:34:39.145455Z","status":"screenshot-start","phase":"B16","screenshotName":"B16_ext_export_migration_export-transfer-verification_complete","completedWorkflows":7,"totalWorkflows":8}
I/flutter (23146): B25_CAPTURE_PROGRESS {"emittedAt":"2026-07-03T01:34:39.269581Z","status":"workflow-complete","phase":"B16","workflowId":"export-transfer-verification","communityName":"Data Portability Community","completedWorkflows":8,"totalWorkflows":8}
W/WindowOnBackDispatcher(23146): sendCancelIfRunning: isInProgress=false callback=io.flutter.embedding.android.FlutterActivity$1@983241a
D/FlutterJNI(23146): Sending viewport metrics to the engine.
I/flutter (23146): B25_CAPTURE_PROGRESS {"emittedAt":"2026-07-03T01:34:39.873488Z","status":"run-complete","completedWorkflows":8,"totalWorkflows":8}
I/flutter (23146): 01:00 +1: (tearDownAll)
I/flutter (23146): 01:00 +2: All tests passed!
All tests passed.

--- stderr ---
VMServiceFlutterDriver: Connecting to Flutter application at http://127.0.0.1:46567/jKW26jefnb0=/
VMServiceFlutterDriver: Isolate found with number: 7416950766181935
VMServiceFlutterDriver: Isolate 7416950766181935 is runnable.
VMServiceFlutterDriver: Isolate is paused at start.
VMServiceFlutterDriver: Attempting to resume isolate
VMServiceFlutterDriver: Connected to Flutter application.
VMServiceFlutterDriver: request_data message is taking a long time to complete...

--- B16 shard 2/3 ---
$ flutter drive --driver=test_driver/workflow_ui_evidence_test.dart --target=integration_test/workflow_ui_evidence_test.dart -d emulator-5554 --dart-define=LOOM_PRELOAD_EXAMPLE_COMMUNITIES=true --dart-define=LOOM_EVIDENCE_PHASE_FILTER=B16 --dart-define=LOOM_EVIDENCE_WORKFLOW_SHARD_COUNT=3 --dart-define=LOOM_EVIDENCE_WORKFLOW_SHARD_INDEX=1
exitCode=0

--- stdout ---
Resolving dependencies in `/mnt/c/Users/fahd_/OneDrive/Documents/Loom/app`...
Downloading packages...
  _fe_analyzer_shared 93.0.0 (104.0.0 available)
  analyzer 10.0.1 (14.0.0 available)
  cli_util 0.4.2 (0.5.1 available)
  code_assets 1.2.0 (1.2.1 available)
  dart_style 3.1.7 (3.1.9 available)
  drift 2.33.0 (2.34.0 available)
  drift_dev 2.33.0 (2.34.1+1 available)
  hooks 2.0.0 (2.0.2 available)
  image 4.8.0 (4.9.1 available)
  matcher 0.12.19 (0.12.20 available)
  melos 7.8.0 (8.0.0 available)
  meta 1.17.0 (1.18.3 available)
  mustache_template 2.0.4 (2.0.5 available)
  native_toolchain_c 0.19.1 (0.19.2 available)
  package_config 2.2.0 (3.0.0 available)
  path_provider 2.1.5 (2.1.6 available)
  path_provider_linux 2.2.1 (2.2.2 available)
  path_provider_platform_interface 2.1.2 (2.1.3 available)
  sqlite3 3.3.2 (3.3.3 available)
  sqlite3_flutter_libs 0.5.42 (0.6.0+eol available)
  sqlparser 0.44.4 (0.44.5 available)
  test 1.30.0 (1.31.2 available)
  test_api 0.7.10 (0.7.13 available)
  test_core 0.6.16 (0.6.19 available)
  url_launcher_android 6.3.30 (6.3.32 available)
  vector_math 2.2.0 (2.4.0 available)
  webview_flutter 4.13.1 (4.14.0 available)
  webview_flutter_android 4.12.0 (4.13.0 available)
  webview_flutter_wkwebview 3.25.1 (3.26.0 available)
  xml 6.6.1 (7.0.1 available)
Got dependencies in `/mnt/c/Users/fahd_/OneDrive/Documents/Loom/app`!
30 packages have newer versions incompatible with dependency constraints.
Try `flutter pub outdated` for more information.
Running Gradle task 'assembleDebug'...                             31.8s
✓ Built build/app/outputs/flutter-apk/app-debug.apk
Installing build/app/outputs/flutter-apk/app-debug.apk...          908ms
I/ommunities_demo(23318): Compiler allocated 5042KB to compile void android.view.ViewRootImpl.performTraversals()
D/WindowLayoutComponentImpl(23318): Register WindowLayoutInfoListener on Context=com.example.loom_communities_demo.MainActivity@c19b2fe, of which baseContext=android.app.ContextImpl@f3a8798
D/FlutterJNI(23318): Sending viewport metrics to the engine.
I/flutter (23318): 00:00 +0: wf_full-ui-screenshot-evidence-b12-b20
D/FlutterJNI(23318): Sending viewport metrics to the engine.
D/InsetsController(23318): hide(ime(), fromIme=false)
I/ImeTracker(23318): com.example.loom_communities_demo:242bd8a5: onCancelled at PHASE_CLIENT_ALREADY_HIDDEN
D/ProfileInstaller(23318): Installing profile for com.example.loom_communities_demo
D/FlutterJNI(23318): Sending viewport metrics to the engine.
I/flutter (23318): B25_CAPTURE_PROGRESS {"emittedAt":"2026-07-03T01:35:45.510151Z","status":"workflow-start","phase":"B16","workflowId":"platform-connections-entry","communityName":"Member Social Space","completedWorkflows":0,"totalWorkflows":8}
I/flutter (23318): B25_CAPTURE_PROGRESS {"emittedAt":"2026-07-03T01:35:47.020463Z","status":"screenshot-start","phase":"B16","screenshotName":"B16_ext_platform_social_platform-connections-entry_start","completedWorkflows":0,"totalWorkflows":8}
I/flutter (23318): B25_CAPTURE_PROGRESS {"emittedAt":"2026-07-03T01:35:48.469906Z","status":"screenshot-start","phase":"B16","screenshotName":"B16_ext_platform_social_platform-connections-entry_action","completedWorkflows":0,"totalWorkflows":8}
I/flutter (23318): B25_CAPTURE_PROGRESS {"emittedAt":"2026-07-03T01:35:50.046330Z","status":"screenshot-start","phase":"B16","screenshotName":"B16_ext_platform_social_platform-connections-entry_complete","completedWorkflows":0,"totalWorkflows":8}
I/flutter (23318): B25_CAPTURE_PROGRESS {"emittedAt":"2026-07-03T01:35:50.167515Z","status":"workflow-complete","phase":"B16","workflowId":"platform-connections-entry","communityName":"Member Social Space","completedWorkflows":1,"totalWorkflows":8}
I/flutter (23318): B25_CAPTURE_PROGRESS {"emittedAt":"2026-07-03T01:35:50.168489Z","status":"workflow-start","phase":"B16","workflowId":"platform-message-stream","communityName":"Member Social Space","completedWorkflows":1,"totalWorkflows":8}
I/flutter (23318): B25_CAPTURE_PROGRESS {"emittedAt":"2026-07-03T01:35:51.536532Z","status":"screenshot-start","phase":"B16","screenshotName":"B16_ext_platform_social_platform-message-stream_start","completedWorkflows":1,"totalWorkflows":8}
I/flutter (23318): B25_CAPTURE_PROGRESS {"emittedAt":"2026-07-03T01:35:52.635437Z","status":"screenshot-start","phase":"B16","screenshotName":"B16_ext_platform_social_platform-message-stream_action","completedWorkflows":1,"totalWorkflows":8}
I/flutter (23318): B25_CAPTURE_PROGRESS {"emittedAt":"2026-07-03T01:35:54.777266Z","status":"screenshot-start","phase":"B16","screenshotName":"B16_ext_platform_social_platform-message-stream_complete","completedWorkflows":1,"totalWorkflows":8}
I/flutter (23318): B25_CAPTURE_PROGRESS {"emittedAt":"2026-07-03T01:35:54.897181Z","status":"workflow-complete","phase":"B16","workflowId":"platform-message-stream","communityName":"Member Social Space","completedWorkflows":2,"totalWorkflows":8}
I/flutter (23318): B25_CAPTURE_PROGRESS {"emittedAt":"2026-07-03T01:35:54.897840Z","status":"workflow-start","phase":"B16","workflowId":"platform-sensitive-no-fill","communityName":"Member Social Space","completedWorkflows":2,"totalWorkflows":8}
I/flutter (23318): B25_CAPTURE_PROGRESS {"emittedAt":"2026-07-03T01:35:56.269522Z","status":"screenshot-start","phase":"B16","screenshotName":"B16_ext_platform_social_platform-sensitive-no-fill_start","completedWorkflows":2,"totalWorkflows":8}
I/flutter (23318): B25_CAPTURE_PROGRESS {"emittedAt":"2026-07-03T01:35:57.352426Z","status":"screenshot-start","phase":"B16","screenshotName":"B16_ext_platform_social_platform-sensitive-no-fill_action","completedWorkflows":2,"totalWorkflows":8}
I/flutter (23318): B25_CAPTURE_PROGRESS {"emittedAt":"2026-07-03T01:35:58.812462Z","status":"screenshot-start","phase":"B16","screenshotName":"B16_ext_platform_social_platform-sensitive-no-fill_complete","completedWorkflows":2,"totalWorkflows":8}
I/flutter (23318): B25_CAPTURE_PROGRESS {"emittedAt":"2026-07-03T01:35:58.932540Z","status":"workflow-complete","phase":"B16","workflowId":"platform-sensitive-no-fill","communityName":"Member Social Space","completedWorkflows":3,"totalWorkflows":8}
W/WindowOnBackDispatcher(23318): sendCancelIfRunning: isInProgress=false callback=io.flutter.embedding.android.FlutterActivity$1@356553c
D/FlutterJNI(23318): Sending viewport metrics to the engine.
D/FlutterJNI(23318): Sending viewport metrics to the engine.
I/flutter (23318): B25_CAPTURE_PROGRESS {"emittedAt":"2026-07-03T01:36:00.536982Z","status":"workflow-start","phase":"B16","workflowId":"ad-off-entitlement-status","communityName":"Ad-Free Community","completedWorkflows":3,"totalWorkflows":8}
I/flutter (23318): B25_CAPTURE_PROGRESS {"emittedAt":"2026-07-03T01:36:01.986112Z","status":"screenshot-start","phase":"B16","screenshotName":"B16_ext_ad_off_ad-off-entitlement-status_start","completedWorkflows":3,"totalWorkflows":8}
I/flutter (23318): B25_CAPTURE_PROGRESS {"emittedAt":"2026-07-03T01:36:03.318601Z","status":"screenshot-start","phase":"B16","screenshotName":"B16_ext_ad_off_ad-off-entitlement-status_action","completedWorkflows":3,"totalWorkflows":8}
I/flutter (23318): B25_CAPTURE_PROGRESS {"emittedAt":"2026-07-03T01:36:04.855995Z","status":"screenshot-start","phase":"B16","screenshotName":"B16_ext_ad_off_ad-off-entitlement-status_complete","completedWorkflows":3,"totalWorkflows":8}
I/flutter (23318): B25_CAPTURE_PROGRESS {"emittedAt":"2026-07-03T01:36:04.979895Z","status":"workflow-complete","phase":"B16","workflowId":"ad-off-entitlement-status","communityName":"Ad-Free Community","completedWorkflows":4,"totalWorkflows":8}
I/flutter (23318): B25_CAPTURE_PROGRESS {"emittedAt":"2026-07-03T01:36:04.980213Z","status":"workflow-start","phase":"B16","workflowId":"ad-off-settlement-utility","communityName":"Ad-Free Community","completedWorkflows":4,"totalWorkflows":8}
I/flutter (23318): B25_CAPTURE_PROGRESS {"emittedAt":"2026-07-03T01:36:06.335579Z","status":"screenshot-start","phase":"B16","screenshotName":"B16_ext_ad_off_ad-off-settlement-utility_start","completedWorkflows":4,"totalWorkflows":8}
I/flutter (23318): B25_CAPTURE_PROGRESS {"emittedAt":"2026-07-03T01:36:07.418682Z","status":"screenshot-start","phase":"B16","screenshotName":"B16_ext_ad_off_ad-off-settlement-utility_action","completedWorkflows":4,"totalWorkflows":8}
I/flutter (23318): B25_CAPTURE_PROGRESS {"emittedAt":"2026-07-03T01:36:08.908983Z","status":"screenshot-start","phase":"B16","screenshotName":"B16_ext_ad_off_ad-off-settlement-utility_complete","completedWorkflows":4,"totalWorkflows":8}
I/flutter (23318): B25_CAPTURE_PROGRESS {"emittedAt":"2026-07-03T01:36:09.029883Z","status":"workflow-complete","phase":"B16","workflowId":"ad-off-settlement-utility","communityName":"Ad-Free Community","completedWorkflows":5,"totalWorkflows":8}
W/WindowOnBackDispatcher(23318): sendCancelIfRunning: isInProgress=false callback=io.flutter.embedding.android.FlutterActivity$1@356553c
D/FlutterJNI(23318): Sending viewport metrics to the engine.
D/FlutterJNI(23318): Sending viewport metrics to the engine.
I/flutter (23318): B25_CAPTURE_PROGRESS {"emittedAt":"2026-07-03T01:36:10.537350Z","status":"workflow-start","phase":"B16","workflowId":"export-protected-redaction","communityName":"Data Portability Community","completedWorkflows":5,"totalWorkflows":8}
I/flutter (23318): B25_CAPTURE_PROGRESS {"emittedAt":"2026-07-03T01:36:12.002968Z","status":"screenshot-start","phase":"B16","screenshotName":"B16_ext_export_migration_export-protected-redaction_start","completedWorkflows":5,"totalWorkflows":8}
I/flutter (23318): B25_CAPTURE_PROGRESS {"emittedAt":"2026-07-03T01:36:13.286499Z","status":"screenshot-start","phase":"B16","screenshotName":"B16_ext_export_migration_export-protected-redaction_action","completedWorkflows":5,"totalWorkflows":8}
I/flutter (23318): B25_CAPTURE_PROGRESS {"emittedAt":"2026-07-03T01:36:14.728284Z","status":"screenshot-start","phase":"B16","screenshotName":"B16_ext_export_migration_export-protected-redaction_complete","completedWorkflows":5,"totalWorkflows":8}
I/flutter (23318): B25_CAPTURE_PROGRESS {"emittedAt":"2026-07-03T01:36:14.848953Z","status":"workflow-complete","phase":"B16","workflowId":"export-protected-redaction","communityName":"Data Portability Community","completedWorkflows":6,"totalWorkflows":8}
I/flutter (23318): B25_CAPTURE_PROGRESS {"emittedAt":"2026-07-03T01:36:14.849336Z","status":"workflow-start","phase":"B16","workflowId":"export-redacted-bundle","communityName":"Data Portability Community","completedWorkflows":6,"totalWorkflows":8}
I/flutter (23318): B25_CAPTURE_PROGRESS {"emittedAt":"2026-07-03T01:36:16.185846Z","status":"screenshot-start","phase":"B16","screenshotName":"B16_ext_export_migration_export-redacted-bundle_start","completedWorkflows":6,"totalWorkflows":8}
I/flutter (23318): B25_CAPTURE_PROGRESS {"emittedAt":"2026-07-03T01:36:17.552837Z","status":"screenshot-start","phase":"B16","screenshotName":"B16_ext_export_migration_export-redacted-bundle_action","completedWorkflows":6,"totalWorkflows":8}
I/flutter (23318): B25_CAPTURE_PROGRESS {"emittedAt":"2026-07-03T01:36:19.041723Z","status":"screenshot-start","phase":"B16","screenshotName":"B16_ext_export_migration_export-redacted-bundle_complete","completedWorkflows":6,"totalWorkflows":8}
I/flutter (23318): B25_CAPTURE_PROGRESS {"emittedAt":"2026-07-03T01:36:19.170595Z","status":"workflow-complete","phase":"B16","workflowId":"export-redacted-bundle","communityName":"Data Portability Community","completedWorkflows":7,"totalWorkflows":8}
I/flutter (23318): B25_CAPTURE_PROGRESS {"emittedAt":"2026-07-03T01:36:19.171560Z","status":"workflow-start","phase":"B16","workflowId":"export-transfer-rollback","communityName":"Data Portability Community","completedWorkflows":7,"totalWorkflows":8}
I/flutter (23318): B25_CAPTURE_PROGRESS {"emittedAt":"2026-07-03T01:36:24.652718Z","status":"screenshot-start","phase":"B16","screenshotName":"B16_ext_export_migration_export-transfer-rollback_start","completedWorkflows":7,"totalWorkflows":8}
I/flutter (23318): B25_CAPTURE_PROGRESS {"emittedAt":"2026-07-03T01:36:25.851666Z","status":"screenshot-start","phase":"B16","screenshotName":"B16_ext_export_migration_export-transfer-rollback_action","completedWorkflows":7,"totalWorkflows":8}
I/flutter (23318): B25_CAPTURE_PROGRESS {"emittedAt":"2026-07-03T01:36:27.293062Z","status":"screenshot-start","phase":"B16","screenshotName":"B16_ext_export_migration_export-transfer-rollback_complete","completedWorkflows":7,"totalWorkflows":8}
I/flutter (23318): B25_CAPTURE_PROGRESS {"emittedAt":"2026-07-03T01:36:27.416238Z","status":"workflow-complete","phase":"B16","workflowId":"export-transfer-rollback","communityName":"Data Portability Community","completedWorkflows":8,"totalWorkflows":8}
W/WindowOnBackDispatcher(23318): sendCancelIfRunning: isInProgress=false callback=io.flutter.embedding.android.FlutterActivity$1@356553c
D/FlutterJNI(23318): Sending viewport metrics to the engine.
I/flutter (23318): B25_CAPTURE_PROGRESS {"emittedAt":"2026-07-03T01:36:28.053273Z","status":"run-complete","completedWorkflows":8,"totalWorkflows":8}
I/flutter (23318): 01:05 +1: (tearDownAll)
I/flutter (23318): 01:05 +2: All tests passed!
All tests passed.

--- stderr ---
VMServiceFlutterDriver: Connecting to Flutter application at http://127.0.0.1:39497/yiJ1JywUEwc=/
VMServiceFlutterDriver: Isolate found with number: 6928032859355063
VMServiceFlutterDriver: Isolate 6928032859355063 is runnable.
VMServiceFlutterDriver: Isolate is paused at start.
VMServiceFlutterDriver: Attempting to resume isolate
VMServiceFlutterDriver: Connected to Flutter application.
VMServiceFlutterDriver: request_data message is taking a long time to complete...

--- B16 shard 3/3 ---
$ flutter drive --driver=test_driver/workflow_ui_evidence_test.dart --target=integration_test/workflow_ui_evidence_test.dart -d emulator-5554 --dart-define=LOOM_PRELOAD_EXAMPLE_COMMUNITIES=true --dart-define=LOOM_EVIDENCE_PHASE_FILTER=B16 --dart-define=LOOM_EVIDENCE_WORKFLOW_SHARD_COUNT=3 --dart-define=LOOM_EVIDENCE_WORKFLOW_SHARD_INDEX=2
exitCode=0

--- stdout ---
Resolving dependencies in `/mnt/c/Users/fahd_/OneDrive/Documents/Loom/app`...
Downloading packages...
  _fe_analyzer_shared 93.0.0 (104.0.0 available)
  analyzer 10.0.1 (14.0.0 available)
  cli_util 0.4.2 (0.5.1 available)
  code_assets 1.2.0 (1.2.1 available)
  dart_style 3.1.7 (3.1.9 available)
  drift 2.33.0 (2.34.0 available)
  drift_dev 2.33.0 (2.34.1+1 available)
  hooks 2.0.0 (2.0.2 available)
  image 4.8.0 (4.9.1 available)
  matcher 0.12.19 (0.12.20 available)
  melos 7.8.0 (8.0.0 available)
  meta 1.17.0 (1.18.3 available)
  mustache_template 2.0.4 (2.0.5 available)
  native_toolchain_c 0.19.1 (0.19.2 available)
  package_config 2.2.0 (3.0.0 available)
  path_provider 2.1.5 (2.1.6 available)
  path_provider_linux 2.2.1 (2.2.2 available)
  path_provider_platform_interface 2.1.2 (2.1.3 available)
  sqlite3 3.3.2 (3.3.3 available)
  sqlite3_flutter_libs 0.5.42 (0.6.0+eol available)
  sqlparser 0.44.4 (0.44.5 available)
  test 1.30.0 (1.31.2 available)
  test_api 0.7.10 (0.7.13 available)
  test_core 0.6.16 (0.6.19 available)
  url_launcher_android 6.3.30 (6.3.32 available)
  vector_math 2.2.0 (2.4.0 available)
  webview_flutter 4.13.1 (4.14.0 available)
  webview_flutter_android 4.12.0 (4.13.0 available)
  webview_flutter_wkwebview 3.25.1 (3.26.0 available)
  xml 6.6.1 (7.0.1 available)
Got dependencies in `/mnt/c/Users/fahd_/OneDrive/Documents/Loom/app`!
30 packages have newer versions incompatible with dependency constraints.
Try `flutter pub outdated` for more information.
Running Gradle task 'assembleDebug'...                             31.8s
✓ Built build/app/outputs/flutter-apk/app-debug.apk
Installing build/app/outputs/flutter-apk/app-debug.apk...          890ms
D/WindowLayoutComponentImpl(23494): Register WindowLayoutInfoListener on Context=com.example.loom_communities_demo.MainActivity@c19b2fe, of which baseContext=android.app.ContextImpl@f3a8798
D/FlutterJNI(23494): Sending viewport metrics to the engine.
I/flutter (23494): 00:00 +0: wf_full-ui-screenshot-evidence-b12-b20
D/InsetsController(23494): hide(ime(), fromIme=false)
I/ImeTracker(23494): com.example.loom_communities_demo:79ed91aa: onCancelled at PHASE_CLIENT_ALREADY_HIDDEN
D/FlutterJNI(23494): Sending viewport metrics to the engine.
D/ProfileInstaller(23494): Installing profile for com.example.loom_communities_demo
D/FlutterJNI(23494): Sending viewport metrics to the engine.
I/flutter (23494): B25_CAPTURE_PROGRESS {"emittedAt":"2026-07-03T01:37:33.609226Z","status":"workflow-start","phase":"B16","workflowId":"platform-connection-invite","communityName":"Member Social Space","completedWorkflows":0,"totalWorkflows":7}
I/flutter (23494): B25_CAPTURE_PROGRESS {"emittedAt":"2026-07-03T01:37:35.119939Z","status":"screenshot-start","phase":"B16","screenshotName":"B16_ext_platform_social_platform-connection-invite_start","completedWorkflows":0,"totalWorkflows":7}
I/flutter (23494): B25_CAPTURE_PROGRESS {"emittedAt":"2026-07-03T01:37:36.303537Z","status":"screenshot-start","phase":"B16","screenshotName":"B16_ext_platform_social_platform-connection-invite_action","completedWorkflows":0,"totalWorkflows":7}
I/flutter (23494): B25_CAPTURE_PROGRESS {"emittedAt":"2026-07-03T01:37:37.860503Z","status":"screenshot-start","phase":"B16","screenshotName":"B16_ext_platform_social_platform-connection-invite_complete","completedWorkflows":0,"totalWorkflows":7}
I/flutter (23494): B25_CAPTURE_PROGRESS {"emittedAt":"2026-07-03T01:37:37.978823Z","status":"workflow-complete","phase":"B16","workflowId":"platform-connection-invite","communityName":"Member Social Space","completedWorkflows":1,"totalWorkflows":7}
I/flutter (23494): B25_CAPTURE_PROGRESS {"emittedAt":"2026-07-03T01:37:37.979268Z","status":"workflow-start","phase":"B16","workflowId":"platform-in-stream-ad","communityName":"Member Social Space","completedWorkflows":1,"totalWorkflows":7}
I/flutter (23494): B25_CAPTURE_PROGRESS {"emittedAt":"2026-07-03T01:37:39.353517Z","status":"screenshot-start","phase":"B16","screenshotName":"B16_ext_platform_social_platform-in-stream-ad_start","completedWorkflows":1,"totalWorkflows":7}
I/flutter (23494): B25_CAPTURE_PROGRESS {"emittedAt":"2026-07-03T01:37:40.468852Z","status":"screenshot-start","phase":"B16","screenshotName":"B16_ext_platform_social_platform-in-stream-ad_action","completedWorkflows":1,"totalWorkflows":7}
I/flutter (23494): B25_CAPTURE_PROGRESS {"emittedAt":"2026-07-03T01:37:41.926619Z","status":"screenshot-start","phase":"B16","screenshotName":"B16_ext_platform_social_platform-in-stream-ad_complete","completedWorkflows":1,"totalWorkflows":7}
I/flutter (23494): B25_CAPTURE_PROGRESS {"emittedAt":"2026-07-03T01:37:42.051362Z","status":"workflow-complete","phase":"B16","workflowId":"platform-in-stream-ad","communityName":"Member Social Space","completedWorkflows":2,"totalWorkflows":7}
W/WindowOnBackDispatcher(23494): sendCancelIfRunning: isInProgress=false callback=io.flutter.embedding.android.FlutterActivity$1@356553c
D/FlutterJNI(23494): Sending viewport metrics to the engine.
D/FlutterJNI(23494): Sending viewport metrics to the engine.
I/flutter (23494): B25_CAPTURE_PROGRESS {"emittedAt":"2026-07-03T01:37:43.736395Z","status":"workflow-start","phase":"B16","workflowId":"ad-off-member-checkout","communityName":"Ad-Free Community","completedWorkflows":2,"totalWorkflows":7}
I/flutter (23494): B25_CAPTURE_PROGRESS {"emittedAt":"2026-07-03T01:37:45.152506Z","status":"screenshot-start","phase":"B16","screenshotName":"B16_ext_ad_off_ad-off-member-checkout_start","completedWorkflows":2,"totalWorkflows":7}
I/flutter (23494): B25_CAPTURE_PROGRESS {"emittedAt":"2026-07-03T01:37:46.386026Z","status":"screenshot-start","phase":"B16","screenshotName":"B16_ext_ad_off_ad-off-member-checkout_action","completedWorkflows":2,"totalWorkflows":7}
I/flutter (23494): B25_CAPTURE_PROGRESS {"emittedAt":"2026-07-03T01:37:47.925981Z","status":"screenshot-start","phase":"B16","screenshotName":"B16_ext_ad_off_ad-off-member-checkout_complete","completedWorkflows":2,"totalWorkflows":7}
I/flutter (23494): B25_CAPTURE_PROGRESS {"emittedAt":"2026-07-03T01:37:48.049760Z","status":"workflow-complete","phase":"B16","workflowId":"ad-off-member-checkout","communityName":"Ad-Free Community","completedWorkflows":3,"totalWorkflows":7}
I/flutter (23494): B25_CAPTURE_PROGRESS {"emittedAt":"2026-07-03T01:37:48.050172Z","status":"workflow-start","phase":"B16","workflowId":"ad-off-receipt-evidence","communityName":"Ad-Free Community","completedWorkflows":3,"totalWorkflows":7}
I/flutter (23494): B25_CAPTURE_PROGRESS {"emittedAt":"2026-07-03T01:37:49.369568Z","status":"screenshot-start","phase":"B16","screenshotName":"B16_ext_ad_off_ad-off-receipt-evidence_start","completedWorkflows":3,"totalWorkflows":7}
I/flutter (23494): B25_CAPTURE_PROGRESS {"emittedAt":"2026-07-03T01:37:50.701865Z","status":"screenshot-start","phase":"B16","screenshotName":"B16_ext_ad_off_ad-off-receipt-evidence_action","completedWorkflows":3,"totalWorkflows":7}
I/flutter (23494): B25_CAPTURE_PROGRESS {"emittedAt":"2026-07-03T01:37:52.140260Z","status":"screenshot-start","phase":"B16","screenshotName":"B16_ext_ad_off_ad-off-receipt-evidence_complete","completedWorkflows":3,"totalWorkflows":7}
I/flutter (23494): B25_CAPTURE_PROGRESS {"emittedAt":"2026-07-03T01:37:52.259113Z","status":"workflow-complete","phase":"B16","workflowId":"ad-off-receipt-evidence","communityName":"Ad-Free Community","completedWorkflows":4,"totalWorkflows":7}
W/WindowOnBackDispatcher(23494): sendCancelIfRunning: isInProgress=false callback=io.flutter.embedding.android.FlutterActivity$1@356553c
D/FlutterJNI(23494): Sending viewport metrics to the engine.
D/FlutterJNI(23494): Sending viewport metrics to the engine.
I/flutter (23494): B25_CAPTURE_PROGRESS {"emittedAt":"2026-07-03T01:37:53.720229Z","status":"workflow-start","phase":"B16","workflowId":"export-import-preview","communityName":"Data Portability Community","completedWorkflows":4,"totalWorkflows":7}
I/flutter (23494): B25_CAPTURE_PROGRESS {"emittedAt":"2026-07-03T01:37:55.152281Z","status":"screenshot-start","phase":"B16","screenshotName":"B16_ext_export_migration_export-import-preview_start","completedWorkflows":4,"totalWorkflows":7}
I/flutter (23494): B25_CAPTURE_PROGRESS {"emittedAt":"2026-07-03T01:37:56.535739Z","status":"screenshot-start","phase":"B16","screenshotName":"B16_ext_export_migration_export-import-preview_action","completedWorkflows":4,"totalWorkflows":7}
I/flutter (23494): B25_CAPTURE_PROGRESS {"emittedAt":"2026-07-03T01:37:57.991888Z","status":"screenshot-start","phase":"B16","screenshotName":"B16_ext_export_migration_export-import-preview_complete","completedWorkflows":4,"totalWorkflows":7}
I/flutter (23494): B25_CAPTURE_PROGRESS {"emittedAt":"2026-07-03T01:37:58.111453Z","status":"workflow-complete","phase":"B16","workflowId":"export-import-preview","communityName":"Data Portability Community","completedWorkflows":5,"totalWorkflows":7}
I/flutter (23494): B25_CAPTURE_PROGRESS {"emittedAt":"2026-07-03T01:37:58.111794Z","status":"workflow-start","phase":"B16","workflowId":"export-schema-listing","communityName":"Data Portability Community","completedWorkflows":5,"totalWorkflows":7}
I/flutter (23494): B25_CAPTURE_PROGRESS {"emittedAt":"2026-07-03T01:37:59.436161Z","status":"screenshot-start","phase":"B16","screenshotName":"B16_ext_export_migration_export-schema-listing_start","completedWorkflows":5,"totalWorkflows":7}
I/flutter (23494): B25_CAPTURE_PROGRESS {"emittedAt":"2026-07-03T01:38:00.686299Z","status":"screenshot-start","phase":"B16","screenshotName":"B16_ext_export_migration_export-schema-listing_action","completedWorkflows":5,"totalWorkflows":7}
I/flutter (23494): B25_CAPTURE_PROGRESS {"emittedAt":"2026-07-03T01:38:02.123977Z","status":"screenshot-start","phase":"B16","screenshotName":"B16_ext_export_migration_export-schema-listing_complete","completedWorkflows":5,"totalWorkflows":7}
I/flutter (23494): B25_CAPTURE_PROGRESS {"emittedAt":"2026-07-03T01:38:02.248332Z","status":"workflow-complete","phase":"B16","workflowId":"export-schema-listing","communityName":"Data Portability Community","completedWorkflows":6,"totalWorkflows":7}
I/flutter (23494): B25_CAPTURE_PROGRESS {"emittedAt":"2026-07-03T01:38:02.249083Z","status":"workflow-start","phase":"B16","workflowId":"export-checksum-evidence","communityName":"Data Portability Community","completedWorkflows":6,"totalWorkflows":7}
I/flutter (23494): B25_CAPTURE_PROGRESS {"emittedAt":"2026-07-03T01:38:03.570022Z","status":"screenshot-start","phase":"B16","screenshotName":"B16_ext_export_migration_export-checksum-evidence_start","completedWorkflows":6,"totalWorkflows":7}
I/flutter (23494): B25_CAPTURE_PROGRESS {"emittedAt":"2026-07-03T01:38:04.918547Z","status":"screenshot-start","phase":"B16","screenshotName":"B16_ext_export_migration_export-checksum-evidence_action","completedWorkflows":6,"totalWorkflows":7}
I/flutter (23494): B25_CAPTURE_PROGRESS {"emittedAt":"2026-07-03T01:38:06.375286Z","status":"screenshot-start","phase":"B16","screenshotName":"B16_ext_export_migration_export-checksum-evidence_complete","completedWorkflows":6,"totalWorkflows":7}
I/flutter (23494): B25_CAPTURE_PROGRESS {"emittedAt":"2026-07-03T01:38:06.496660Z","status":"workflow-complete","phase":"B16","workflowId":"export-checksum-evidence","communityName":"Data Portability Community","completedWorkflows":7,"totalWorkflows":7}
W/WindowOnBackDispatcher(23494): sendCancelIfRunning: isInProgress=false callback=io.flutter.embedding.android.FlutterActivity$1@356553c
D/FlutterJNI(23494): Sending viewport metrics to the engine.
I/flutter (23494): B25_CAPTURE_PROGRESS {"emittedAt":"2026-07-03T01:38:07.119771Z","status":"run-complete","completedWorkflows":7,"totalWorkflows":7}
I/flutter (23494): 00:55 +1: (tearDownAll)
I/flutter (23494): 00:56 +2: All tests passed!
All tests passed.

--- stderr ---
VMServiceFlutterDriver: Connecting to Flutter application at http://127.0.0.1:38719/LP-1RVeNC_Q=/
VMServiceFlutterDriver: Isolate found with number: 1424989827992783
VMServiceFlutterDriver: Isolate 1424989827992783 is runnable.
VMServiceFlutterDriver: Isolate is paused at start.
VMServiceFlutterDriver: Attempting to resume isolate
VMServiceFlutterDriver: Connected to Flutter application.
VMServiceFlutterDriver: request_data message is taking a long time to complete...

--- B17 shard 1/1 ---
$ flutter drive --driver=test_driver/workflow_ui_evidence_test.dart --target=integration_test/workflow_ui_evidence_test.dart -d emulator-5554 --dart-define=LOOM_PRELOAD_EXAMPLE_COMMUNITIES=true --dart-define=LOOM_EVIDENCE_PHASE_FILTER=B17
exitCode=0

--- stdout ---
Resolving dependencies in `/mnt/c/Users/fahd_/OneDrive/Documents/Loom/app`...
Downloading packages...
  _fe_analyzer_shared 93.0.0 (104.0.0 available)
  analyzer 10.0.1 (14.0.0 available)
  cli_util 0.4.2 (0.5.1 available)
  code_assets 1.2.0 (1.2.1 available)
  dart_style 3.1.7 (3.1.9 available)
  drift 2.33.0 (2.34.0 available)
  drift_dev 2.33.0 (2.34.1+1 available)
  hooks 2.0.0 (2.0.2 available)
  image 4.8.0 (4.9.1 available)
  matcher 0.12.19 (0.12.20 available)
  melos 7.8.0 (8.0.0 available)
  meta 1.17.0 (1.18.3 available)
  mustache_template 2.0.4 (2.0.5 available)
  native_toolchain_c 0.19.1 (0.19.2 available)
  package_config 2.2.0 (3.0.0 available)
  path_provider 2.1.5 (2.1.6 available)
  path_provider_linux 2.2.1 (2.2.2 available)
  path_provider_platform_interface 2.1.2 (2.1.3 available)
  sqlite3 3.3.2 (3.3.3 available)
  sqlite3_flutter_libs 0.5.42 (0.6.0+eol available)
  sqlparser 0.44.4 (0.44.5 available)
  test 1.30.0 (1.31.2 available)
  test_api 0.7.10 (0.7.13 available)
  test_core 0.6.16 (0.6.19 available)
  url_launcher_android 6.3.30 (6.3.32 available)
  vector_math 2.2.0 (2.4.0 available)
  webview_flutter 4.13.1 (4.14.0 available)
  webview_flutter_android 4.12.0 (4.13.0 available)
  webview_flutter_wkwebview 3.25.1 (3.26.0 available)
  xml 6.6.1 (7.0.1 available)
Got dependencies in `/mnt/c/Users/fahd_/OneDrive/Documents/Loom/app`!
30 packages have newer versions incompatible with dependency constraints.
Try `flutter pub outdated` for more information.
Running Gradle task 'assembleDebug'...                             32.1s
✓ Built build/app/outputs/flutter-apk/app-debug.apk
Installing build/app/outputs/flutter-apk/app-debug.apk...          852ms
D/WindowLayoutComponentImpl(23663): Register WindowLayoutInfoListener on Context=com.example.loom_communities_demo.MainActivity@9eeca5f, of which baseContext=android.app.ContextImpl@8cc3bf1
D/FlutterJNI(23663): Sending viewport metrics to the engine.
I/flutter (23663): 00:00 +0: wf_full-ui-screenshot-evidence-b12-b20
D/FlutterJNI(23663): Sending viewport metrics to the engine.
D/InsetsController(23663): hide(ime(), fromIme=false)
I/ImeTracker(23663): com.example.loom_communities_demo:b28adfbe: onCancelled at PHASE_CLIENT_ALREADY_HIDDEN
I/flutter (23663): B25_CAPTURE_PROGRESS {"emittedAt":"2026-07-03T01:38:51.515328Z","status":"workflow-start","phase":"B17","workflowId":"wf_persona-role-inventory-capability-matrix","communityName":"Masjid Nur","completedWorkflows":0,"totalWorkflows":1}
D/FlutterJNI(23663): Sending viewport metrics to the engine.
I/flutter (23663): B25_CAPTURE_PROGRESS {"emittedAt":"2026-07-03T01:38:53.400131Z","status":"screenshot-start","phase":"B17","screenshotName":"B17_persona_inventory_active_admin","completedWorkflows":0,"totalWorkflows":1}
D/ProfileInstaller(23663): Installing profile for com.example.loom_communities_demo
I/flutter (23663): B25_CAPTURE_PROGRESS {"emittedAt":"2026-07-03T01:38:54.305526Z","status":"screenshot-start","phase":"B17","screenshotName":"B17_persona_inventory_picker","completedWorkflows":0,"totalWorkflows":1}
I/flutter (23663): B25_CAPTURE_PROGRESS {"emittedAt":"2026-07-03T01:38:54.739380Z","status":"workflow-complete","phase":"B17","workflowId":"wf_persona-role-inventory-capability-matrix","communityName":"Masjid Nur","completedWorkflows":1,"totalWorkflows":1}
W/WindowOnBackDispatcher(23663): sendCancelIfRunning: isInProgress=false callback=io.flutter.embedding.android.FlutterActivity$1@54bc50e
D/FlutterJNI(23663): Sending viewport metrics to the engine.
I/flutter (23663): B25_CAPTURE_PROGRESS {"emittedAt":"2026-07-03T01:38:55.402865Z","status":"run-complete","completedWorkflows":1,"totalWorkflows":1}
I/flutter (23663): 00:05 +1: (tearDownAll)
I/flutter (23663): 00:05 +2: All tests passed!
All tests passed.

--- stderr ---
VMServiceFlutterDriver: Connecting to Flutter application at http://127.0.0.1:33299/rrni-rcOb08=/
VMServiceFlutterDriver: Isolate found with number: 7026148010486375
VMServiceFlutterDriver: Isolate 7026148010486375 is runnable.
VMServiceFlutterDriver: Isolate is paused at start.
VMServiceFlutterDriver: Attempting to resume isolate
VMServiceFlutterDriver: Connected to Flutter application.

--- B18 shard 1/1 ---
$ flutter drive --driver=test_driver/workflow_ui_evidence_test.dart --target=integration_test/workflow_ui_evidence_test.dart -d emulator-5554 --dart-define=LOOM_PRELOAD_EXAMPLE_COMMUNITIES=true --dart-define=LOOM_EVIDENCE_PHASE_FILTER=B18
exitCode=0

--- stdout ---
Resolving dependencies in `/mnt/c/Users/fahd_/OneDrive/Documents/Loom/app`...
Downloading packages...
  _fe_analyzer_shared 93.0.0 (104.0.0 available)
  analyzer 10.0.1 (14.0.0 available)
  cli_util 0.4.2 (0.5.1 available)
  code_assets 1.2.0 (1.2.1 available)
  dart_style 3.1.7 (3.1.9 available)
  drift 2.33.0 (2.34.0 available)
  drift_dev 2.33.0 (2.34.1+1 available)
  hooks 2.0.0 (2.0.2 available)
  image 4.8.0 (4.9.1 available)
  matcher 0.12.19 (0.12.20 available)
  melos 7.8.0 (8.0.0 available)
  meta 1.17.0 (1.18.3 available)
  mustache_template 2.0.4 (2.0.5 available)
  native_toolchain_c 0.19.1 (0.19.2 available)
  package_config 2.2.0 (3.0.0 available)
  path_provider 2.1.5 (2.1.6 available)
  path_provider_linux 2.2.1 (2.2.2 available)
  path_provider_platform_interface 2.1.2 (2.1.3 available)
  sqlite3 3.3.2 (3.3.3 available)
  sqlite3_flutter_libs 0.5.42 (0.6.0+eol available)
  sqlparser 0.44.4 (0.44.5 available)
  test 1.30.0 (1.31.2 available)
  test_api 0.7.10 (0.7.13 available)
  test_core 0.6.16 (0.6.19 available)
  url_launcher_android 6.3.30 (6.3.32 available)
  vector_math 2.2.0 (2.4.0 available)
  webview_flutter 4.13.1 (4.14.0 available)
  webview_flutter_android 4.12.0 (4.13.0 available)
  webview_flutter_wkwebview 3.25.1 (3.26.0 available)
  xml 6.6.1 (7.0.1 available)
Got dependencies in `/mnt/c/Users/fahd_/OneDrive/Documents/Loom/app`!
30 packages have newer versions incompatible with dependency constraints.
Try `flutter pub outdated` for more information.
Running Gradle task 'assembleDebug'...                             31.8s
✓ Built build/app/outputs/flutter-apk/app-debug.apk
Installing build/app/outputs/flutter-apk/app-debug.apk...          865ms
I/ommunities_demo(23811): Compiler allocated 5042KB to compile void android.view.ViewRootImpl.performTraversals()
D/WindowLayoutComponentImpl(23811): Register WindowLayoutInfoListener on Context=com.example.loom_communities_demo.MainActivity@cf4cac, of which baseContext=android.app.ContextImpl@69f23d6
D/FlutterJNI(23811): Sending viewport metrics to the engine.
I/flutter (23811): 00:00 +0: wf_full-ui-screenshot-evidence-b12-b20
D/FlutterJNI(23811): Sending viewport metrics to the engine.
D/InsetsController(23811): hide(ime(), fromIme=false)
I/ImeTracker(23811): com.example.loom_communities_demo:7055c8cf: onCancelled at PHASE_CLIENT_ALREADY_HIDDEN
I/flutter (23811): B25_CAPTURE_PROGRESS {"emittedAt":"2026-07-03T01:39:37.783170Z","status":"workflow-start","phase":"B18","workflowId":"wf_demo-app-persona-picker","communityName":"Masjid Nur","completedWorkflows":0,"totalWorkflows":1}
D/FlutterJNI(23811): Sending viewport metrics to the engine.
D/ProfileInstaller(23811): Installing profile for com.example.loom_communities_demo
I/flutter (23811): B25_CAPTURE_PROGRESS {"emittedAt":"2026-07-03T01:39:40.286056Z","status":"screenshot-start","phase":"B18","screenshotName":"B18_persona_picker_dialog","completedWorkflows":0,"totalWorkflows":1}
I/flutter (23811): B25_CAPTURE_PROGRESS {"emittedAt":"2026-07-03T01:39:41.254082Z","status":"screenshot-start","phase":"B18","screenshotName":"B18_persona_picker_member_selected","completedWorkflows":0,"totalWorkflows":1}
I/flutter (23811): B25_CAPTURE_PROGRESS {"emittedAt":"2026-07-03T01:39:41.401459Z","status":"workflow-complete","phase":"B18","workflowId":"wf_demo-app-persona-picker","communityName":"Masjid Nur","completedWorkflows":1,"totalWorkflows":1}
W/WindowOnBackDispatcher(23811): sendCancelIfRunning: isInProgress=false callback=io.flutter.embedding.android.FlutterActivity$1@e215b2f
D/FlutterJNI(23811): Sending viewport metrics to the engine.
I/flutter (23811): B25_CAPTURE_PROGRESS {"emittedAt":"2026-07-03T01:39:42.118402Z","status":"run-complete","completedWorkflows":1,"totalWorkflows":1}
I/flutter (23811): 00:05 +1: (tearDownAll)
I/flutter (23811): 00:05 +2: All tests passed!
All tests passed.

--- stderr ---
VMServiceFlutterDriver: Connecting to Flutter application at http://127.0.0.1:38695/omcS3m71N1Q=/
VMServiceFlutterDriver: Isolate found with number: 6206766522885943
VMServiceFlutterDriver: Isolate 6206766522885943 is runnable.
VMServiceFlutterDriver: Isolate is paused at start.
VMServiceFlutterDriver: Attempting to resume isolate
VMServiceFlutterDriver: Connected to Flutter application.
VMServiceFlutterDriver: request_data message is taking a long time to complete...

--- B19 shard 1/1 ---
$ flutter drive --driver=test_driver/workflow_ui_evidence_test.dart --target=integration_test/workflow_ui_evidence_test.dart -d emulator-5554 --dart-define=LOOM_PRELOAD_EXAMPLE_COMMUNITIES=true --dart-define=LOOM_EVIDENCE_PHASE_FILTER=B19
exitCode=0

--- stdout ---
Resolving dependencies in `/mnt/c/Users/fahd_/OneDrive/Documents/Loom/app`...
Downloading packages...
  _fe_analyzer_shared 93.0.0 (104.0.0 available)
  analyzer 10.0.1 (14.0.0 available)
  cli_util 0.4.2 (0.5.1 available)
  code_assets 1.2.0 (1.2.1 available)
  dart_style 3.1.7 (3.1.9 available)
  drift 2.33.0 (2.34.0 available)
  drift_dev 2.33.0 (2.34.1+1 available)
  hooks 2.0.0 (2.0.2 available)
  image 4.8.0 (4.9.1 available)
  matcher 0.12.19 (0.12.20 available)
  melos 7.8.0 (8.0.0 available)
  meta 1.17.0 (1.18.3 available)
  mustache_template 2.0.4 (2.0.5 available)
  native_toolchain_c 0.19.1 (0.19.2 available)
  package_config 2.2.0 (3.0.0 available)
  path_provider 2.1.5 (2.1.6 available)
  path_provider_linux 2.2.1 (2.2.2 available)
  path_provider_platform_interface 2.1.2 (2.1.3 available)
  sqlite3 3.3.2 (3.3.3 available)
  sqlite3_flutter_libs 0.5.42 (0.6.0+eol available)
  sqlparser 0.44.4 (0.44.5 available)
  test 1.30.0 (1.31.2 available)
  test_api 0.7.10 (0.7.13 available)
  test_core 0.6.16 (0.6.19 available)
  url_launcher_android 6.3.30 (6.3.32 available)
  vector_math 2.2.0 (2.4.0 available)
  webview_flutter 4.13.1 (4.14.0 available)
  webview_flutter_android 4.12.0 (4.13.0 available)
  webview_flutter_wkwebview 3.25.1 (3.26.0 available)
  xml 6.6.1 (7.0.1 available)
Got dependencies in `/mnt/c/Users/fahd_/OneDrive/Documents/Loom/app`!
30 packages have newer versions incompatible with dependency constraints.
Try `flutter pub outdated` for more information.
Running Gradle task 'assembleDebug'...                             32.0s
✓ Built build/app/outputs/flutter-apk/app-debug.apk
Installing build/app/outputs/flutter-apk/app-debug.apk...          883ms
I/ommunities_demo(23966): Compiler allocated 5042KB to compile void android.view.ViewRootImpl.performTraversals()
D/WindowLayoutComponentImpl(23966): Register WindowLayoutInfoListener on Context=com.example.loom_communities_demo.MainActivity@9eeca5f, of which baseContext=android.app.ContextImpl@8cc3bf1
D/FlutterJNI(23966): Sending viewport metrics to the engine.
I/flutter (23966): 00:00 +0: wf_full-ui-screenshot-evidence-b12-b20
D/FlutterJNI(23966): Sending viewport metrics to the engine.
D/InsetsController(23966): hide(ime(), fromIme=false)
I/ImeTracker(23966): com.example.loom_communities_demo:5d2b0793: onCancelled at PHASE_CLIENT_ALREADY_HIDDEN
I/flutter (23966): B25_CAPTURE_PROGRESS {"emittedAt":"2026-07-03T01:40:24.456610Z","status":"workflow-start","phase":"B19","workflowId":"wf_community-persona-aware-ux","communityName":"Masjid Nur","completedWorkflows":0,"totalWorkflows":1}
D/FlutterJNI(23966): Sending viewport metrics to the engine.
D/ProfileInstaller(23966): Installing profile for com.example.loom_communities_demo
I/flutter (23966): B25_CAPTURE_PROGRESS {"emittedAt":"2026-07-03T01:40:27.937388Z","status":"screenshot-start","phase":"B19","screenshotName":"B19_member_care_request_actor","completedWorkflows":0,"totalWorkflows":1}
I/flutter (23966): B25_CAPTURE_PROGRESS {"emittedAt":"2026-07-03T01:40:29.378716Z","status":"screenshot-start","phase":"B19","screenshotName":"B19_admin_announcement_actor","completedWorkflows":0,"totalWorkflows":1}
I/flutter (23966): B25_CAPTURE_PROGRESS {"emittedAt":"2026-07-03T01:40:29.510396Z","status":"workflow-complete","phase":"B19","workflowId":"wf_community-persona-aware-ux","communityName":"Masjid Nur","completedWorkflows":1,"totalWorkflows":1}
W/WindowOnBackDispatcher(23966): sendCancelIfRunning: isInProgress=false callback=io.flutter.embedding.android.FlutterActivity$1@54bc50e
D/FlutterJNI(23966): Sending viewport metrics to the engine.
I/flutter (23966): B25_CAPTURE_PROGRESS {"emittedAt":"2026-07-03T01:40:30.202209Z","status":"run-complete","completedWorkflows":1,"totalWorkflows":1}
I/flutter (23966): 00:06 +1: (tearDownAll)
I/flutter (23966): 00:06 +2: All tests passed!
All tests passed.

--- stderr ---
VMServiceFlutterDriver: Connecting to Flutter application at http://127.0.0.1:44941/qDHha8QbzoU=/
VMServiceFlutterDriver: Isolate found with number: 4883198197480707
VMServiceFlutterDriver: Isolate 4883198197480707 is runnable.
VMServiceFlutterDriver: Isolate is paused at start.
VMServiceFlutterDriver: Attempting to resume isolate
VMServiceFlutterDriver: Connected to Flutter application.
VMServiceFlutterDriver: request_data message is taking a long time to complete...

--- B20 shard 1/1 ---
$ flutter drive --driver=test_driver/workflow_ui_evidence_test.dart --target=integration_test/workflow_ui_evidence_test.dart -d emulator-5554 --dart-define=LOOM_PRELOAD_EXAMPLE_COMMUNITIES=true --dart-define=LOOM_EVIDENCE_PHASE_FILTER=B20
exitCode=0

--- stdout ---
Resolving dependencies in `/mnt/c/Users/fahd_/OneDrive/Documents/Loom/app`...
Downloading packages...
  _fe_analyzer_shared 93.0.0 (104.0.0 available)
  analyzer 10.0.1 (14.0.0 available)
  cli_util 0.4.2 (0.5.1 available)
  code_assets 1.2.0 (1.2.1 available)
  dart_style 3.1.7 (3.1.9 available)
  drift 2.33.0 (2.34.0 available)
  drift_dev 2.33.0 (2.34.1+1 available)
  hooks 2.0.0 (2.0.2 available)
  image 4.8.0 (4.9.1 available)
  matcher 0.12.19 (0.12.20 available)
  melos 7.8.0 (8.0.0 available)
  meta 1.17.0 (1.18.3 available)
  mustache_template 2.0.4 (2.0.5 available)
  native_toolchain_c 0.19.1 (0.19.2 available)
  package_config 2.2.0 (3.0.0 available)
  path_provider 2.1.5 (2.1.6 available)
  path_provider_linux 2.2.1 (2.2.2 available)
  path_provider_platform_interface 2.1.2 (2.1.3 available)
  sqlite3 3.3.2 (3.3.3 available)
  sqlite3_flutter_libs 0.5.42 (0.6.0+eol available)
  sqlparser 0.44.4 (0.44.5 available)
  test 1.30.0 (1.31.2 available)
  test_api 0.7.10 (0.7.13 available)
  test_core 0.6.16 (0.6.19 available)
  url_launcher_android 6.3.30 (6.3.32 available)
  vector_math 2.2.0 (2.4.0 available)
  webview_flutter 4.13.1 (4.14.0 available)
  webview_flutter_android 4.12.0 (4.13.0 available)
  webview_flutter_wkwebview 3.25.1 (3.26.0 available)
  xml 6.6.1 (7.0.1 available)
Got dependencies in `/mnt/c/Users/fahd_/OneDrive/Documents/Loom/app`!
30 packages have newer versions incompatible with dependency constraints.
Try `flutter pub outdated` for more information.
Running Gradle task 'assembleDebug'...                             31.9s
✓ Built build/app/outputs/flutter-apk/app-debug.apk
Installing build/app/outputs/flutter-apk/app-debug.apk...          875ms
D/WindowLayoutComponentImpl(24128): Register WindowLayoutInfoListener on Context=com.example.loom_communities_demo.MainActivity@cf4cac, of which baseContext=android.app.ContextImpl@69f23d6
D/FlutterJNI(24128): Sending viewport metrics to the engine.
I/flutter (24128): 00:00 +0: wf_full-ui-screenshot-evidence-b12-b20
D/FlutterJNI(24128): Sending viewport metrics to the engine.
D/InsetsController(24128): hide(ime(), fromIme=false)
I/ImeTracker(24128): com.example.loom_communities_demo:8dc63284: onCancelled at PHASE_CLIENT_ALREADY_HIDDEN
I/flutter (24128): B25_CAPTURE_PROGRESS {"emittedAt":"2026-07-03T01:41:12.498910Z","status":"workflow-start","phase":"B20","workflowId":"wf_multi-persona-workflow-evidence","communityName":"Masjid Nur","completedWorkflows":0,"totalWorkflows":2}
D/FlutterJNI(24128): Sending viewport metrics to the engine.
D/ProfileInstaller(24128): Installing profile for com.example.loom_communities_demo
I/flutter (24128): B25_CAPTURE_PROGRESS {"emittedAt":"2026-07-03T01:41:15.970464Z","status":"screenshot-start","phase":"B20","screenshotName":"B20_announcement_admin_start","completedWorkflows":0,"totalWorkflows":2}
I/flutter (24128): B25_CAPTURE_PROGRESS {"emittedAt":"2026-07-03T01:41:17.370247Z","status":"screenshot-start","phase":"B20","screenshotName":"B20_announcement_admin_action","completedWorkflows":0,"totalWorkflows":2}
I/flutter (24128): B25_CAPTURE_PROGRESS {"emittedAt":"2026-07-03T01:41:18.959042Z","status":"screenshot-start","phase":"B20","screenshotName":"B20_announcement_admin_complete","completedWorkflows":0,"totalWorkflows":2}
I/flutter (24128): B25_CAPTURE_PROGRESS {"emittedAt":"2026-07-03T01:41:20.298092Z","status":"screenshot-start","phase":"B20","screenshotName":"B20_announcement_member_ready","completedWorkflows":0,"totalWorkflows":2}
I/flutter (24128): B25_CAPTURE_PROGRESS {"emittedAt":"2026-07-03T01:41:21.568928Z","status":"screenshot-start","phase":"B20","screenshotName":"B20_announcement_member_action","completedWorkflows":0,"totalWorkflows":2}
I/flutter (24128): B25_CAPTURE_PROGRESS {"emittedAt":"2026-07-03T01:41:23.207622Z","status":"screenshot-start","phase":"B20","screenshotName":"B20_announcement_member_received","completedWorkflows":0,"totalWorkflows":2}
I/flutter (24128): B25_CAPTURE_PROGRESS {"emittedAt":"2026-07-03T01:41:24.271554Z","status":"screenshot-start","phase":"B20","screenshotName":"B20_member_calendar_tab_pinned_event","completedWorkflows":0,"totalWorkflows":2}
I/flutter (24128): B25_CAPTURE_PROGRESS {"emittedAt":"2026-07-03T01:41:25.322209Z","status":"screenshot-start","phase":"B20","screenshotName":"B20_member_messages_tab","completedWorkflows":0,"totalWorkflows":2}
I/flutter (24128): B25_CAPTURE_PROGRESS {"emittedAt":"2026-07-03T01:41:27.454078Z","status":"screenshot-start","phase":"B20","screenshotName":"B20_admin_custom_tab_pinned_surface","completedWorkflows":0,"totalWorkflows":2}
I/flutter (24128): B25_CAPTURE_PROGRESS {"emittedAt":"2026-07-03T01:41:27.579197Z","status":"workflow-complete","phase":"B20","workflowId":"wf_multi-persona-workflow-evidence","communityName":"Masjid Nur","completedWorkflows":1,"totalWorkflows":2}
I/flutter (24128): B25_CAPTURE_PROGRESS {"emittedAt":"2026-07-03T01:41:27.579628Z","status":"workflow-start","phase":"B20","workflowId":"wf_app-shell-capability-evidence","communityName":"Loom Communities","completedWorkflows":1,"totalWorkflows":2}
W/WindowOnBackDispatcher(24128): sendCancelIfRunning: isInProgress=false callback=io.flutter.embedding.android.FlutterActivity$1@e215b2f
D/FlutterJNI(24128): Sending viewport metrics to the engine.
I/flutter (24128): B25_CAPTURE_PROGRESS {"emittedAt":"2026-07-03T01:41:28.435991Z","status":"screenshot-start","phase":"B20","screenshotName":"B20_app_shell_main_community_list_states","completedWorkflows":1,"totalWorkflows":2}
D/FlutterJNI(24128): Sending viewport metrics to the engine.
I/flutter (24128): B25_CAPTURE_PROGRESS {"emittedAt":"2026-07-03T01:41:32.619263Z","status":"screenshot-start","phase":"B20","screenshotName":"B20_app_shell_garden_home_medium_minimized_stack","completedWorkflows":1,"totalWorkflows":2}
I/flutter (24128): B25_CAPTURE_PROGRESS {"emittedAt":"2026-07-03T01:41:32.985025Z","status":"screenshot-start","phase":"B20","screenshotName":"B20_app_shell_garden_home_expanded_surface","completedWorkflows":1,"totalWorkflows":2}
W/WindowOnBackDispatcher(24128): sendCancelIfRunning: isInProgress=false callback=io.flutter.embedding.android.FlutterActivity$1@e215b2f
D/FlutterJNI(24128): Sending viewport metrics to the engine.
D/FlutterJNI(24128): Sending viewport metrics to the engine.
I/flutter (24128): B25_CAPTURE_PROGRESS {"emittedAt":"2026-07-03T01:41:37.087280Z","status":"screenshot-start","phase":"B20","screenshotName":"B20_app_shell_hoa_documents_pinning_policy","completedWorkflows":1,"totalWorkflows":2}
W/WindowOnBackDispatcher(24128): sendCancelIfRunning: isInProgress=false callback=io.flutter.embedding.android.FlutterActivity$1@e215b2f
D/FlutterJNI(24128): Sending viewport metrics to the engine.
D/FlutterJNI(24128): Sending viewport metrics to the engine.
I/flutter (24128): B25_CAPTURE_PROGRESS {"emittedAt":"2026-07-03T01:41:41.569378Z","status":"screenshot-start","phase":"B20","screenshotName":"B20_app_shell_soccer_roster_renderer_medium","completedWorkflows":1,"totalWorkflows":2}
I/flutter (24128): B25_CAPTURE_PROGRESS {"emittedAt":"2026-07-03T01:41:41.918479Z","status":"screenshot-start","phase":"B20","screenshotName":"B20_app_shell_soccer_roster_renderer_expanded","completedWorkflows":1,"totalWorkflows":2}
I/flutter (24128): B25_CAPTURE_PROGRESS {"emittedAt":"2026-07-03T01:41:42.049457Z","status":"workflow-complete","phase":"B20","workflowId":"wf_app-shell-capability-evidence","communityName":"Loom Communities","completedWorkflows":2,"totalWorkflows":2}
I/flutter (24128): B25_CAPTURE_PROGRESS {"emittedAt":"2026-07-03T01:41:42.050854Z","status":"run-complete","completedWorkflows":2,"totalWorkflows":2}
I/flutter (24128): 00:30 +1: (tearDownAll)
I/flutter (24128): 00:30 +2: All tests passed!
All tests passed.

--- stderr ---
VMServiceFlutterDriver: Connecting to Flutter application at http://127.0.0.1:43203/gX12EDJFpWM=/
VMServiceFlutterDriver: Isolate found with number: 581298913256051
VMServiceFlutterDriver: Isolate 581298913256051 is runnable.
VMServiceFlutterDriver: Isolate is paused at start.
VMServiceFlutterDriver: Attempting to resume isolate
VMServiceFlutterDriver: Connected to Flutter application.
VMServiceFlutterDriver: request_data message is taking a long time to complete...

